timestamp,price,market_cap,volume_24h,circulating_supply,price_change_24h,bullish_sentiment,bearish_sentiment
2025-10-28 19:41:34,"$115,562.60",$2.3T,$54.74B,19.94M BTC,0.07% (24h),82%,18%
2025-10-28 14:39:43,"$114,728.08",$2.28T,$54.32B,19.94M BTC,0.62% (24h),82%,18%
2025-10-28 14:58:19,"$114,908.54",$2.29T,$55.16B,19.94M BTC,0.39% (24h),82%,18%
2025-10-28 15:21:54,"$113,934.72",$2.27T,$55.84B,19.94M BTC,0.99% (24h),82%,18%
2025-10-28 15:33:33,"$113,884.76",$2.27T,$56.32B,19.94M BTC,0.85% (24h),82%,18%
2025-10-28 15:49:15,"$113,899.84",$2.27T,$55.51B,19.94M BTC,0.94% (24h),82%,18%
2025-10-28 16:00:59,"$113,657.39",$2.26T,$55.8B,19.94M BTC,1.07% (24h),82%,18%
2025-10-28 16:33:29,"$112,394.56",$2.24T,$59.93B,19.94M BTC,2.03% (24h),82%,18%
2025-10-28 16:51:44,"$112,718.13",$2.24T,$60.5B,19.94M BTC,1.72% (24h),82%,18%
2025-10-28 17:10:27,"$112,376.28",$2.24T,$62.18B,19.94M BTC,1.87% (24h),82%,18%
2025-10-28 17:31:15,"$112,696.56",$2.24T,$62.2B,19.94M BTC,1.28% (24h),82%,18%
2025-10-28 17:44:39,"$113,099.54",$2.25T,$61.76B,19.94M BTC,1.08% (24h),82%,18%
2025-10-28 17:58:16,"$113,099.17",$2.25T,$61.95B,19.94M BTC,1.21% (24h),82%,18%
2025-10-28 18:26:30,"$113,074.44",$2.25T,$63.61B,19.94M BTC,1.25% (24h),82%,18%
2025-10-28 18:44:29,"$113,267.28",$2.25T,$63.96B,19.94M BTC,0.88% (24h),82%,18%
2025-10-28 18:59:13,"$113,241.43",$2.25T,$63.34B,19.94M BTC,0.76% (24h),82%,18%
2025-10-28 19:26:11,"$112,943.67",$2.25T,$64.13B,19.94M BTC,0.91% (24h),82%,18%
2025-10-28 19:41:33,"$113,042.07",$2.25T,$64.14B,19.94M BTC,0.95% (24h),82%,18%
2025-10-28 19:53:47,"$113,010.49",$2.25T,$64.24B,19.94M BTC,0.97% (24h),82%,18%
2025-10-28 21:50:57,"$112,478.28",$2.24T,$65.59B,19.94M BTC,1.76% (24h),82%,18%
2025-10-28 23:09:49,"$112,458.85",$2.24T,$66.2B,19.94M BTC,1.41% (24h),82%,18%
2025-10-28 23:56:43,"$112,536.83",$2.24T,$65.9B,19.94M BTC,1.14% (24h),82%,18%
2025-10-29 00:30:31,"$112,725.76",$2.24T,$65.74B,19.94M BTC,1% (24h),82%,18%
2025-10-29 00:50:55,"$112,800.66",$2.24T,$64.77B,19.94M BTC,1.09% (24h),82%,18%
2025-10-29 01:02:08,"$112,858.02",$2.25T,$64.75B,19.94M BTC,0.94% (24h),82%,18%
2025-10-29 01:34:27,"$113,125.93",$2.25T,$65.06B,19.94M BTC,0.64% (24h),82%,18%
2025-10-29 01:50:52,"$113,110.52",$2.25T,$65.23B,19.94M BTC,0.53% (24h),82%,18%
2025-10-29 02:01:56,"$113,058.73",$2.25T,$65.19B,19.94M BTC,0.51% (24h),82%,18%
2025-10-29 02:44:06,"$113,047.74",$2.25T,$64.72B,19.94M BTC,0.83% (24h),82%,18%
2025-10-29 03:01:07,"$113,280.42",$2.25T,$65.38B,19.94M BTC,0.75% (24h),82%,18%
2025-10-29 03:29:19,"$113,432.81",$2.26T,$64.23B,19.94M BTC,0.71% (24h),82%,18%
2025-10-29 03:44:43,"$113,313.38",$2.25T,$65.34B,19.94M BTC,0.75% (24h),82%,18%
2025-10-29 03:58:57,"$113,546.55",$2.26T,$65.58B,19.94M BTC,0.57% (24h),82%,18%
2025-10-29 04:37:07,"$113,145.70",$2.25T,$65.83B,19.94M BTC,1.1% (24h),82%,18%
2025-10-29 04:55:39,"$113,064.32",$2.25T,$65B,19.94M BTC,1.18% (24h),82%,18%
2025-10-29 05:25:14,"$113,020.78",$2.25T,$66.03B,19.94M BTC,1.17% (24h),82%,18%
2025-10-29 05:44:52,"$112,970.03",$2.25T,$66.41B,19.94M BTC,1.34% (24h),82%,18%
2025-10-29 05:59:27,"$113,008.35",$2.25T,$66.5B,19.94M BTC,1.31% (24h),82%,18%
2025-10-29 06:31:52,"$113,050.74",$2.25T,$66.92B,19.94M BTC,1.26% (24h),82%,18%
2025-10-29 06:50:01,"$113,084.98",$2.25T,$66.72B,19.94M BTC,1.24% (24h),82%,18%
2025-10-29 07:02:00,"$112,881.13",$2.25T,$66.86B,19.94M BTC,1.48% (24h),82%,18%
2025-10-29 07:26:25,"$113,138.64",$2.25T,$66.72B,19.94M BTC,1.19% (24h),82%,18%
2025-10-29 07:41:50,"$113,153.45",$2.25T,$65.79B,19.94M BTC,1.22% (24h),82%,18%
2025-10-29 07:53:46,"$113,129.98",$2.25T,$66.7B,19.94M BTC,1.13% (24h),82%,18%
2025-10-29 08:49:57,"$113,187.34",$2.25T,$65.38B,19.94M BTC,1.11% (24h),82%,18%
2025-10-29 09:27:51,"$113,606.13",$2.26T,$63.36B,19.94M BTC,1.27% (24h),82%,18%
2025-10-29 09:52:29,"$112,931.02",$2.25T,$63.61B,19.94M BTC,2.17% (24h),82%,18%
2025-10-29 10:25:47,"$112,404.08",$2.24T,$62.78B,19.94M BTC,2.99% (24h),82%,18%
2025-10-29 10:49:06,"$112,708.22",$2.24T,$62.35B,19.94M BTC,1.82% (24h),82%,18%
2025-10-29 11:00:22,"$112,490.97",$2.24T,$60.75B,19.94M BTC,2.22% (24h),82%,18%
2025-10-29 11:33:23,"$111,853.38",$2.23T,$61.13B,19.94M BTC,2.71% (24h),82%,18%
2025-10-29 11:54:51,"$111,644.42",$2.22T,$61.61B,19.94M BTC,2.73% (24h),82%,18%
2025-10-29 12:33:31,"$111,196.82",$2.21T,$63.64B,19.94M BTC,3.45% (24h),82%,18%
2025-10-29 12:56:58,"$111,206.74",$2.21T,$63.28B,19.94M BTC,3.63% (24h),82%,18%
2025-10-29 13:23:31,"$111,089.66",$2.21T,$62.8B,19.94M BTC,3.83% (24h),82%,18%
2025-10-29 13:46:06,"$111,691.57",$2.22T,$62.06B,19.94M BTC,3.3% (24h),82%,18%
2025-10-29 14:00:22,"$111,822.34",$2.22T,$62.04B,19.94M BTC,3.02% (24h),82%,18%
2025-10-29 14:40:17,"$109,853.89",$2.19T,$64.23B,19.94M BTC,4.24% (24h),82%,18%
2025-10-29 14:57:39,"$111,038.12",$2.21T,$68.11B,19.94M BTC,3.36% (24h),82%,18%
2025-10-29 15:21:12,"$111,102.08",$2.21T,$69.33B,19.94M BTC,2.42% (24h),82%,18%
2025-10-29 15:33:01,"$110,845.86",$2.21T,$68.84B,19.94M BTC,2.57% (24h),82%,18%
2025-10-29 15:45:07,"$110,403.84",$2.2T,$68.05B,19.94M BTC,3.12% (24h),82%,18%
2025-10-29 16:00:07,"$110,716.08",$2.2T,$68.02B,19.94M BTC,2.59% (24h),82%,18%
2025-10-29 16:31:05,"$111,351.69",$2.22T,$67.07B,19.94M BTC,1.06% (24h),82%,18%
2025-10-29 16:47:27,"$111,274.97",$2.21T,$65.43B,19.94M BTC,1.23% (24h),82%,18%
2025-10-29 16:59:53,"$111,461.74",$2.22T,$64.32B,19.94M BTC,1.24% (24h),82%,18%
2025-10-29 17:26:46,"$111,553.17",$2.22T,$64B,19.94M BTC,0.94% (24h),82%,18%
2025-10-29 17:41:14,"$111,711.25",$2.22T,$63.4B,19.94M BTC,1.11% (24h),82%,18%
2025-10-29 17:53:09,"$111,677.23",$2.22T,$63.02B,19.94M BTC,1.24% (24h),82%,18%
2025-10-29 18:22:47,"$111,413.21",$2.22T,$62.89B,19.94M BTC,1.43% (24h),82%,18%
2025-10-29 18:44:38,"$111,218.76",$2.21T,$63.22B,19.94M BTC,1.82% (24h),82%,18%
2025-10-29 18:58:15,"$111,106.16",$2.21T,$62.03B,19.94M BTC,1.87% (24h),82%,18%
2025-10-29 19:25:05,"$110,495.08",$2.2T,$61.78B,19.94M BTC,2.13% (24h),82%,18%
2025-10-29 19:41:46,"$110,208.03",$2.19T,$61.79B,19.94M BTC,2.54% (24h),82%,18%
2025-10-29 19:53:46,"$110,027.14",$2.19T,$62.12B,19.94M BTC,2.66% (24h),82%,18%
2025-10-29 21:50:25,"$110,620.96",$2.2T,$60.45B,19.94M BTC,1.69% (24h),82%,18%
2025-10-29 23:05:58,"$110,704.41",$2.2T,$61.12B,19.94M BTC,1.62% (24h),82%,18%
2025-10-29 23:50:05,"$110,690.20",$2.2T,$61.59B,19.94M BTC,1.67% (24h),82%,18%
2025-10-30 00:02:35,"$110,697.26",$2.2T,$60.71B,19.94M BTC,1.65% (24h),82%,18%
2025-10-30 00:35:52,"$108,751.95",$2.16T,$63.5B,19.94M BTC,3.63% (24h),82%,18%
2025-10-30 00:51:49,"$109,038.45",$2.17T,$65.57B,19.94M BTC,3.33% (24h),82%,18%
2025-10-30 01:12:04,"$108,768.74",$2.16T,$66.63B,19.94M BTC,3.66% (24h),82%,18%
2025-10-30 01:38:34,"$109,178.43",$2.17T,$67B,19.94M BTC,3.54% (24h),82%,18%
2025-10-30 01:49:48,"$110,261.54",$2.19T,$66.84B,19.94M BTC,2.49% (24h),82%,18%
2025-10-30 02:00:58,"$110,297.83",$2.19T,$68.1B,19.94M BTC,2.45% (24h),82%,18%
2025-10-30 02:41:07,"$110,282.57",$2.19T,$69.78B,19.94M BTC,2.43% (24h),82%,18%
2025-10-30 02:57:08,"$110,837.33",$2.21T,$70.33B,19.94M BTC,2.2% (24h),82%,18%
2025-10-30 03:22:45,"$111,531.97",$2.22T,$69.64B,19.94M BTC,1.66% (24h),82%,18%
2025-10-30 03:41:19,"$111,232.97",$2.21T,$71.04B,19.94M BTC,1.85% (24h),82%,18%
2025-10-30 03:52:58,"$111,311.24",$2.21T,$70.91B,19.94M BTC,1.79% (24h),82%,18%
2025-10-30 04:31:08,"$110,735.48",$2.2T,$69.48B,19.94M BTC,2.28% (24h),82%,18%
2025-10-30 04:53:02,"$110,788.28",$2.2T,$71.02B,19.94M BTC,2.04% (24h),82%,18%
2025-10-30 05:25:43,"$110,272.88",$2.19T,$71.08B,19.94M BTC,2.43% (24h),82%,18%
2025-10-30 05:45:21,"$110,201.66",$2.19T,$70.66B,19.94M BTC,2.44% (24h),82%,18%
2025-10-30 05:58:59,"$110,230.19",$2.19T,$70.71B,19.94M BTC,2.48% (24h),82%,18%
2025-10-30 06:31:36,"$110,081.74",$2.19T,$71.79B,19.94M BTC,2.62% (24h),82%,18%
2025-10-30 06:49:04,"$110,044.67",$2.19T,$71.83B,19.94M BTC,2.7% (24h),82%,18%
2025-10-30 07:00:20,"$110,127.65",$2.19T,$72.38B,19.94M BTC,2.44% (24h),82%,18%
2025-10-30 07:25:12,"$109,925.23",$2.19T,$71.49B,19.94M BTC,2.86% (24h),82%,18%
2025-10-30 07:40:40,"$109,934.17",$2.19T,$71.15B,19.94M BTC,2.86% (24h),82%,18%
2025-10-30 07:52:17,"$109,831.64",$2.19T,$72.4B,19.94M BTC,2.91% (24h),82%,18%
2025-10-30 08:48:00,"$108,530.81",$2.16T,$73.17B,19.94M BTC,4.09% (24h),82%,18%
2025-10-30 09:25:28,"$108,370.05",$2.16T,$74.93B,19.94M BTC,4.54% (24h),82%,18%
2025-10-30 09:50:11,"$107,820.21",$2.15T,$76.49B,19.94M BTC,4.42% (24h),82%,18%
2025-10-30 10:01:40,"$107,828.53",$2.15T,$76.98B,19.94M BTC,4.49% (24h),82%,18%
2025-10-30 10:31:53,"$108,055.80",$2.15T,$77.39B,19.94M BTC,3.78% (24h),82%,18%
2025-10-30 10:53:09,"$108,172.72",$2.15T,$76.78B,19.94M BTC,3.85% (24h),82%,18%
2025-10-30 11:27:37,"$107,860.21",$2.15T,$77.44B,19.94M BTC,3.97% (24h),82%,18%
2025-10-30 11:46:45,"$107,653.82",$2.14T,$75.67B,19.94M BTC,3.74% (24h),82%,18%
2025-10-30 11:59:05,"$107,748.88",$2.14T,$75.52B,19.94M BTC,3.4% (24h),82%,18%
2025-10-30 12:37:07,"$108,055.31",$2.15T,$73.89B,19.94M BTC,2.85% (24h),82%,18%
2025-10-30 12:56:12,"$108,052.75",$2.15T,$74.55B,19.94M BTC,2.81% (24h),82%,18%
2025-10-30 13:21:55,"$107,075.75",$2.13T,$73.59B,19.94M BTC,3.59% (24h),82%,18%
2025-10-30 13:40:48,"$106,929.46",$2.13T,$74.78B,19.94M BTC,4.31% (24h),82%,18%
2025-10-30 13:52:44,"$107,532.98",$2.14T,$75.6B,19.94M BTC,3.86% (24h),82%,18%
2025-10-30 14:33:41,"$107,290.42",$2.13T,$73.32B,19.94M BTC,3.84% (24h),82%,18%
2025-10-30 14:56:10,"$106,991.53",$2.13T,$70.85B,19.94M BTC,3.85% (24h),82%,18%
2025-10-30 15:20:03,"$106,789.06",$2.12T,$68.93B,19.94M BTC,3.84% (24h),82%,18%
2025-10-30 15:44:33,"$106,752.83",$2.12T,$67.53B,19.94M BTC,3.31% (24h),82%,18%
2025-10-30 15:58:30,"$106,513.62",$2.12T,$68.75B,19.94M BTC,3.79% (24h),82%,18%
2025-10-30 16:29:06,"$107,160.51",$2.13T,$68.68B,19.94M BTC,3.71% (24h),82%,18%
2025-10-30 16:58:55,"$107,512.71",$2.14T,$69.44B,19.94M BTC,3.55% (24h),82%,18%
2025-10-30 17:24:58,"$107,594.53",$2.14T,$69.76B,19.94M BTC,3.5% (24h),82%,18%
2025-10-30 17:41:39,"$107,704.13",$2.14T,$70.72B,19.94M BTC,3.6% (24h),82%,18%
2025-10-30 17:52:58,"$107,862.32",$2.15T,$69.77B,19.94M BTC,3.41% (24h),82%,18%
2025-10-30 18:22:09,"$107,691.64",$2.14T,$69.94B,19.94M BTC,3.34% (24h),82%,18%
2025-10-30 18:41:52,"$107,614.25",$2.14T,$70.82B,19.94M BTC,3.27% (24h),82%,18%
2025-10-30 18:54:15,"$107,752.86",$2.14T,$70.76B,19.94M BTC,3.07% (24h),82%,18%
2025-10-30 19:21:19,"$107,684.01",$2.14T,$70.43B,19.94M BTC,2.76% (24h),82%,18%
2025-10-30 19:33:57,"$107,810.32",$2.14T,$70.4B,19.94M BTC,2.38% (24h),82%,18%
2025-10-30 19:49:07,"$108,245.09",$2.15T,$68.86B,19.94M BTC,1.6% (24h),82%,18%
2025-10-30 20:00:35,"$108,294.48",$2.15T,$69.62B,19.94M BTC,1.6% (24h),82%,18%
2025-10-30 22:06:15,"$109,444.54",$2.18T,$72.29B,19.94M BTC,0.91% (24h),82%,18%
2025-10-30 23:19:52,"$109,056.24",$2.17T,$72.25B,19.94M BTC,1.57% (24h),82%,18%
2025-10-30 23:54:21,"$109,189.10",$2.17T,$72.59B,19.94M BTC,1.31% (24h),82%,18%
2025-10-31 00:29:03,"$109,763.47",$2.18T,$71.6B,19.94M BTC,1.33% (24h),82%,18%
2025-10-31 00:49:15,"$109,988.51",$2.19T,$69.44B,19.94M BTC,0.89% (24h),82%,18%
2025-10-31 01:00:13,"$110,055.27",$2.19T,$69.07B,19.94M BTC,1.35% (24h),82%,18%
2025-10-31 01:30:13,"$109,882.40",$2.19T,$68.64B,19.94M BTC,0.65% (24h),82%,18%
2025-10-31 01:46:30,"$109,906.06",$2.19T,$68.76B,19.94M BTC,0% (24h),82%,18%
2025-10-31 01:59:01,"$109,881.85",$2.19T,$68.22B,19.94M BTC,0.42% (24h),82%,18%
2025-10-31 02:40:18,"$109,580.77",$2.18T,$67.8B,19.94M BTC,0.62% (24h),82%,18%
2025-10-31 02:57:15,"$109,562.14",$2.18T,$66.31B,19.94M BTC,1.15% (24h),82%,18%
2025-10-31 03:23:35,"$109,655.22",$2.18T,$65.72B,19.94M BTC,1.67% (24h),82%,18%
2025-10-31 03:40:53,"$109,518.66",$2.18T,$66.55B,19.94M BTC,1.54% (24h),82%,18%
2025-10-31 03:52:50,"$109,288.30",$2.17T,$65.41B,19.94M BTC,1.84% (24h),82%,18%
2025-10-31 04:30:29,"$109,814.46",$2.18T,$65.26B,19.94M BTC,0.84% (24h),82%,18%
2025-10-31 04:52:01,"$109,893.13",$2.19T,$64.62B,19.94M BTC,0.81% (24h),82%,18%
2025-10-31 05:13:01,"$110,136.10",$2.19T,$64.73B,19.94M BTC,0.29% (24h),82%,18%
2025-10-31 05:37:30,"$109,944.08",$2.19T,$65.02B,19.94M BTC,0.21% (24h),82%,18%
2025-10-31 05:50:09,"$109,978.51",$2.19T,$66.45B,19.94M BTC,0.22% (24h),82%,18%
2025-10-31 06:01:55,"$109,875.58",$2.19T,$66.21B,19.94M BTC,0.23% (24h),82%,18%
2025-10-31 06:33:16,"$109,725.57",$2.18T,$66.44B,19.94M BTC,0.34% (24h),82%,18%
2025-10-31 06:51:00,"$109,923.11",$2.19T,$65.64B,19.94M BTC,0.13% (24h),82%,18%
2025-10-31 07:03:12,"$109,751.78",$2.18T,$66.25B,19.94M BTC,0.27% (24h),82%,18%
2025-10-31 07:26:52,"$109,556.04",$2.18T,$65.5B,19.94M BTC,0.35% (24h),82%,18%
2025-10-31 07:40:57,"$109,497.37",$2.18T,$64.3B,19.94M BTC,0.41% (24h),82%,18%
2025-10-31 07:51:54,"$110,003.38",$2.19T,$64.37B,19.94M BTC,0.1% (24h),82%,18%
2025-10-31 08:22:54,"$110,400.75",$2.2T,$66.04B,19.94M BTC,0.96% (24h),82%,18%
2025-10-31 09:08:19,"$109,758.66",$2.18T,$64.72B,19.94M BTC,1.05% (24h),82%,18%
2025-10-31 09:41:17,"$109,657.62",$2.18T,$63.49B,19.94M BTC,1.9% (24h),82%,18%
2025-10-31 09:54:05,"$109,945.24",$2.19T,$61.91B,19.94M BTC,1.96% (24h),82%,18%
2025-10-31 10:24:10,"$109,821.37",$2.19T,$61.73B,19.94M BTC,1.81% (24h),82%,18%
2025-10-31 10:47:11,"$109,966.43",$2.19T,$62.76B,19.94M BTC,1.74% (24h),82%,18%
2025-10-31 10:58:43,"$110,810.49",$2.2T,$62.99B,19.94M BTC,2.33% (24h),82%,18%
2025-10-31 11:27:03,"$110,399.80",$2.2T,$64.38B,19.94M BTC,2.32% (24h),82%,18%
2025-10-31 11:44:45,"$110,246.36",$2.19T,$65.47B,19.94M BTC,2.33% (24h),82%,18%
2025-10-31 11:58:53,"$110,177.28",$2.19T,$64.74B,19.94M BTC,2.25% (24h),82%,18%
2025-10-31 12:34:58,"$109,991.50",$2.19T,$65.5B,19.94M BTC,1.78% (24h),82%,18%
2025-10-31 12:55:28,"$109,120.79",$2.17T,$65.69B,19.94M BTC,1% (24h),82%,18%
2025-10-31 13:22:09,"$108,810.12",$2.16T,$66.35B,19.94M BTC,1.63% (24h),82%,18%
2025-10-31 13:43:01,"$109,125.33",$2.17T,$66.47B,19.94M BTC,2.06% (24h),82%,18%
2025-10-31 13:58:21,"$109,225.22",$2.17T,$66.09B,19.94M BTC,1.65% (24h),82%,18%
2025-10-31 14:37:44,"$109,166.04",$2.17T,$65.6B,19.94M BTC,1.88% (24h),82%,18%
2025-10-31 14:56:00,"$109,327.99",$2.18T,$66.29B,19.94M BTC,2.1% (24h),82%,18%
2025-10-31 15:18:41,"$109,413.25",$2.18T,$65.09B,19.94M BTC,2.45% (24h),82%,18%
2025-10-31 15:29:29,"$109,798.84",$2.18T,$64.75B,19.94M BTC,2.61% (24h),82%,18%
2025-10-31 15:52:44,"$109,990.97",$2.19T,$64.35B,19.94M BTC,2.9% (24h),82%,18%
2025-10-31 15:57:40,"$109,905.13",$2.19T,$64.55B,19.94M BTC,3.01% (24h),82%,18%
2025-10-31 16:29:38,"$109,614.97",$2.18T,$64.11B,19.94M BTC,2.29% (24h),82%,18%
2025-10-31 16:43:18,"$109,485.41",$2.18T,$63.11B,19.94M BTC,2.11% (24h),82%,18%
2025-10-31 16:59:32,"$109,440.06",$2.18T,$62.56B,19.94M BTC,1.79% (24h),82%,18%
2025-10-31 17:22:58,"$109,542.35",$2.18T,$62.94B,19.94M BTC,1.81% (24h),82%,18%
2025-10-31 17:41:05,"$109,661.08",$2.18T,$62.52B,19.94M BTC,1.9% (24h),82%,18%
2025-10-31 17:52:28,"$109,538.50",$2.18T,$62.13B,19.94M BTC,1.56% (24h),82%,18%
2025-10-31 18:22:25,"$109,706.15",$2.18T,$61.85B,19.94M BTC,1.89% (24h),82%,18%
2025-10-31 18:40:36,"$109,655.07",$2.18T,$60.97B,19.94M BTC,1.87% (24h),82%,18%
2025-10-31 18:51:50,"$109,554.91",$2.18T,$61.53B,19.94M BTC,1.8% (24h),82%,18%
2025-10-31 19:11:36,"$109,527.06",$2.18T,$60.77B,19.94M BTC,1.73% (24h),82%,18%
2025-10-31 19:30:01,"$109,563.72",$2.18T,$61.21B,19.94M BTC,1.76% (24h),82%,18%
2025-10-31 19:40:39,"$109,537.65",$2.18T,$60.8B,19.94M BTC,1.32% (24h),82%,18%
2025-10-31 19:52:56,"$109,574.57",$2.18T,$60.55B,19.94M BTC,1.28% (24h),82%,18%
2025-10-31 21:50:50,"$109,759.00",$2.18T,$55.88B,19.94M BTC,0.05% (24h),82%,18%
2025-10-31 23:05:30,"$109,802.29",$2.18T,$53.84B,19.94M BTC,1.04% (24h),82%,18%
2025-10-31 23:50:41,"$110,134.10",$2.19T,$53.7B,19.94M BTC,0.81% (24h),82%,18%
2025-11-01 00:02:10,"$110,239.15",$2.19T,$52.62B,19.94M BTC,0.95% (24h),82%,18%
2025-11-01 00:31:42,"$110,279.43",$2.19T,$53.24B,19.94M BTC,0.46% (24h),82%,18%
2025-11-01 00:46:30,"$110,201.80",$2.19T,$53.04B,19.94M BTC,0.12% (24h),82%,18%
2025-11-01 00:59:13,"$110,228.13",$2.19T,$52.57B,19.94M BTC,0.08% (24h),82%,18%
2025-11-01 01:26:45,"$110,036.56",$2.19T,$50.66B,19.94M BTC,0.22% (24h),82%,18%
2025-11-01 01:42:25,"$110,256.17",$2.19T,$51.31B,19.94M BTC,0.32% (24h),82%,18%
2025-11-01 01:58:38,"$110,043.06",$2.19T,$50.95B,19.94M BTC,0.15% (24h),82%,18%
2025-11-01 02:36:14,"$110,097.17",$2.19T,$49.9B,19.94M BTC,0.44% (24h),82%,18%
2025-11-01 02:52:02,"$109,909.88",$2.19T,$50.55B,19.94M BTC,0.31% (24h),82%,18%
2025-11-01 03:20:32,"$110,059.16",$2.19T,$50.08B,19.94M BTC,0.31% (24h),82%,18%
2025-11-01 03:32:03,"$110,175.57",$2.19T,$49.22B,19.94M BTC,0.47% (24h),82%,18%
2025-11-01 03:48:49,"$110,039.94",$2.19T,$49.65B,19.94M BTC,0.51% (24h),82%,18%
2025-11-01 04:00:16,"$110,016.96",$2.19T,$49.29B,19.94M BTC,0.54% (24h),82%,18%
2025-11-01 04:33:09,"$110,161.85",$2.19T,$48.16B,19.94M BTC,0.43% (24h),82%,18%
2025-11-01 04:51:57,"$110,154.06",$2.19T,$48.12B,19.94M BTC,0.21% (24h),82%,18%
2025-11-01 05:11:12,"$110,149.22",$2.19T,$47.51B,19.94M BTC,0% (24h),82%,18%
2025-11-01 05:30:57,"$110,108.18",$2.19T,$47.15B,19.94M BTC,0.1% (24h),82%,18%
2025-11-01 05:42:51,"$110,001.70",$2.19T,$46.89B,19.94M BTC,0.09% (24h),82%,18%
2025-11-01 05:58:52,"$109,935.59",$2.19T,$46.83B,19.94M BTC,0.11% (24h),82%,18%
2025-11-01 06:26:45,"$109,915.61",$2.19T,$46.95B,19.94M BTC,0.06% (24h),82%,18%
2025-11-01 06:42:48,"$109,958.31",$2.19T,$46.86B,19.94M BTC,0.01% (24h),82%,18%
2025-11-01 06:58:54,"$110,057.50",$2.19T,$46.71B,19.94M BTC,0.21% (24h),82%,18%
2025-11-01 07:21:00,"$110,125.72",$2.19T,$45.68B,19.94M BTC,0.45% (24h),82%,18%
2025-11-01 07:32:04,"$109,964.99",$2.19T,$46.23B,19.94M BTC,0.39% (24h),82%,18%
2025-11-01 07:43:11,"$110,027.73",$2.19T,$46.16B,19.94M BTC,0.33% (24h),82%,18%
2025-11-01 07:58:41,"$110,064.25",$2.19T,$45.92B,19.94M BTC,0.24% (24h),82%,18%
2025-11-01 08:49:20,"$110,009.86",$2.19T,$44.27B,19.94M BTC,0.32% (24h),82%,18%
2025-11-01 09:17:18,"$109,915.69",$2.19T,$43.7B,19.94M BTC,0.01% (24h),82%,18%
2025-11-01 10:00:07,"$109,922.58",$2.19T,$41.94B,19.94M BTC,0.15% (24h),82%,18%
2025-11-01 10:24:36,"$109,834.85",$2.19T,$40.49B,19.94M BTC,0.06% (24h),82%,18%
2025-11-01 10:41:19,"$109,843.37",$2.19T,$40.26B,19.94M BTC,0.09% (24h),82%,18%
2025-11-01 10:52:26,"$109,863.03",$2.19T,$39.66B,19.94M BTC,0.19% (24h),82%,18%
2025-11-01 11:20:30,"$110,210.67",$2.19T,$35.74B,19.94M BTC,0.44% (24h),82%,18%
2025-11-01 11:32:32,"$110,166.34",$2.19T,$35.36B,19.94M BTC,0.23% (24h),82%,18%
2025-11-01 11:49:11,"$110,131.14",$2.19T,$35.38B,19.94M BTC,0.15% (24h),82%,18%
2025-11-01 12:00:53,"$110,294.25",$2.19T,$35.02B,19.94M BTC,0.11% (24h),82%,18%
2025-11-01 12:31:07,"$110,261.48",$2.19T,$34.41B,19.94M BTC,0.17% (24h),82%,18%
2025-11-01 12:46:59,"$110,494.97",$2.2T,$33.5B,19.94M BTC,0.83% (24h),82%,18%
2025-11-01 12:58:48,"$110,512.58",$2.2T,$33.3B,19.94M BTC,1.6% (24h),82%,18%
2025-11-01 13:21:15,"$110,329.03",$2.2T,$32.35B,19.94M BTC,1.45% (24h),82%,18%
2025-11-01 13:33:56,"$110,316.10",$2.2T,$31.17B,19.94M BTC,1.09% (24h),82%,18%
2025-11-01 13:48:55,"$110,401.41",$2.2T,$31.28B,19.94M BTC,1.02% (24h),82%,18%
2025-11-01 14:00:28,"$110,280.63",$2.19T,$30.34B,19.94M BTC,0.95% (24h),82%,18%
2025-11-01 14:35:11,"$110,328.75",$2.2T,$29.38B,19.94M BTC,1.25% (24h),82%,18%
2025-11-01 14:50:42,"$110,389.54",$2.2T,$29.52B,19.94M BTC,0.94% (24h),82%,18%
2025-11-01 15:02:24,"$110,343.53",$2.2T,$29.2B,19.94M BTC,0.99% (24h),82%,18%
2025-11-01 15:23:24,"$110,345.02",$2.2T,$28.81B,19.94M BTC,0.66% (24h),82%,18%
2025-11-01 15:40:23,"$110,355.19",$2.2T,$28.14B,19.94M BTC,0.51% (24h),82%,18%
2025-11-01 15:52:00,"$110,355.37",$2.2T,$27.97B,19.94M BTC,0.22% (24h),82%,18%
2025-11-01 16:23:01,"$110,463.80",$2.2T,$26.86B,19.94M BTC,0.71% (24h),82%,18%
2025-11-01 16:51:09,"$110,513.52",$2.2T,$25.31B,19.94M BTC,0.85% (24h),82%,18%
2025-11-01 17:18:38,"$110,405.70",$2.2T,$26.38B,19.94M BTC,0.86% (24h),82%,18%
2025-11-01 17:31:11,"$110,289.33",$2.19T,$25.63B,19.94M BTC,0.7% (24h),82%,18%
2025-11-01 17:43:26,"$110,154.22",$2.19T,$26.21B,19.94M BTC,0.46% (24h),82%,18%
2025-11-01 17:58:18,"$109,899.92",$2.19T,$26.13B,19.94M BTC,0.34% (24h),82%,18%
2025-11-01 18:23:00,"$109,954.77",$2.19T,$25.34B,19.94M BTC,0.2% (24h),82%,18%
2025-11-01 18:41:45,"$110,006.66",$2.19T,$26.09B,19.94M BTC,0.31% (24h),82%,18%
2025-11-01 18:53:39,"$109,987.14",$2.19T,$25.96B,19.94M BTC,0.39% (24h),82%,18%
2025-11-01 19:20:29,"$109,955.15",$2.19T,$25.96B,19.94M BTC,0.38% (24h),82%,18%
2025-11-01 19:33:02,"$110,026.75",$2.19T,$25.91B,19.94M BTC,0.44% (24h),82%,18%
2025-11-01 19:48:53,"$109,994.78",$2.19T,$25.86B,19.94M BTC,0.34% (24h),82%,18%
2025-11-01 20:01:44,"$110,043.24",$2.19T,$25.87B,19.94M BTC,0.43% (24h),82%,18%
2025-11-01 22:12:58,"$109,913.23",$2.19T,$25.31B,19.94M BTC,0.36% (24h),82%,18%
2025-11-01 23:32:42,"$109,954.27",$2.19T,$24.69B,19.94M BTC,0.02% (24h),82%,18%
2025-11-02 00:01:34,"$110,010.37",$2.19T,$24.42B,19.94M BTC,0.15% (24h),82%,18%
2025-11-02 00:33:43,"$110,084.60",$2.19T,$24.43B,19.94M BTC,0.18% (24h),82%,18%
2025-11-02 00:50:47,"$110,463.11",$2.2T,$24.2B,19.94M BTC,0.25% (24h),82%,18%
2025-11-02 01:02:07,"$110,642.77",$2.2T,$24.9B,19.94M BTC,0.36% (24h),82%,18%
2025-11-02 01:29:28,"$110,405.27",$2.2T,$25.36B,19.94M BTC,0.32% (24h),82%,18%
2025-11-02 01:44:50,"$110,425.49",$2.2T,$25.78B,19.94M BTC,0.16% (24h),82%,18%
2025-11-02 01:58:36,"$110,501.80",$2.2T,$27.11B,19.94M BTC,0.4% (24h),82%,18%
2025-11-02 01:36:58,"$110,304.20",$2.19T,$27.44B,19.94M BTC,0.19% (24h),82%,18%
2025-11-02 01:53:48,"$110,623.75",$2.2T,$27.12B,19.94M BTC,0.64% (24h),82%,18%
2025-11-02 02:21:17,"$110,478.15",$2.2T,$28.19B,19.94M BTC,0.36% (24h),82%,18%
2025-11-02 02:33:47,"$110,463.02",$2.2T,$28.3B,19.94M BTC,0.25% (24h),82%,18%
2025-11-02 02:48:28,"$110,651.34",$2.2T,$28.27B,19.94M BTC,0.55% (24h),82%,18%
2025-11-02 02:59:34,"$110,885.62",$2.21T,$27.83B,19.94M BTC,0.79% (24h),82%,18%
2025-11-02 03:32:02,"$110,710.43",$2.2T,$29.05B,19.94M BTC,0.52% (24h),82%,18%
2025-11-02 03:49:22,"$110,760.10",$2.2T,$29.34B,19.94M BTC,0.55% (24h),82%,18%
2025-11-02 04:00:37,"$110,826.00",$2.21T,$29.41B,19.94M BTC,0.58% (24h),82%,18%
2025-11-02 04:26:12,"$110,966.16",$2.21T,$29.54B,19.94M BTC,0.76% (24h),82%,18%
2025-11-02 04:39:45,"$110,713.35",$2.2T,$29.66B,19.94M BTC,0.62% (24h),82%,18%
2025-11-02 04:51:13,"$110,508.44",$2.2T,$29.05B,19.94M BTC,0.47% (24h),82%,18%
2025-11-02 05:09:48,"$110,707.35",$2.2T,$29.94B,19.94M BTC,0.71% (24h),82%,18%
2025-11-02 05:32:50,"$110,401.90",$2.2T,$30.14B,19.94M BTC,0.42% (24h),82%,18%
2025-11-02 05:48:42,"$110,386.29",$2.2T,$30.48B,19.94M BTC,0.32% (24h),82%,18%
2025-11-02 05:59:37,"$110,462.34",$2.2T,$30.71B,19.94M BTC,0.36% (24h),82%,18%
2025-11-02 06:33:03,"$110,752.91",$2.2T,$30.11B,19.94M BTC,0.71% (24h),82%,18%
2025-11-02 06:58:27,"$111,075.86",$2.21T,$30.29B,19.94M BTC,0.91% (24h),82%,18%
2025-11-02 07:51:10,"$110,758.39",$2.2T,$31.26B,19.94M BTC,0.69% (24h),82%,18%
2025-11-02 08:16:51,"$110,513.80",$2.2T,$31.39B,19.94M BTC,0.53% (24h),82%,18%
2025-11-02 08:36:07,"$110,348.59",$2.2T,$32.44B,19.94M BTC,0.35% (24h),82%,18%
2025-11-02 08:48:40,"$110,344.21",$2.2T,$31.81B,19.94M BTC,0.49% (24h),82%,18%
2025-11-02 09:00:09,"$110,505.42",$2.2T,$31.69B,19.94M BTC,0.53% (24h),82%,18%
2025-11-02 09:24:21,"$110,390.79",$2.2T,$31.75B,19.94M BTC,0.52% (24h),82%,18%
2025-11-02 09:41:22,"$110,394.02",$2.2T,$32.8B,19.94M BTC,0.5% (24h),82%,18%
2025-11-02 09:52:43,"$110,397.21",$2.2T,$32.63B,19.94M BTC,0.47% (24h),82%,18%
2025-11-02 10:21:10,"$110,448.16",$2.2T,$32.75B,19.94M BTC,0.22% (24h),82%,18%
2025-11-02 10:33:49,"$110,492.48",$2.2T,$32.65B,19.94M BTC,0.29% (24h),82%,18%
2025-11-02 10:48:27,"$110,320.68",$2.2T,$32.57B,19.94M BTC,0.19% (24h),82%,18%
2025-11-02 10:59:36,"$110,130.89",$2.19T,$31.84B,19.94M BTC,0.05% (24h),82%,18%
2025-11-02 11:31:51,"$110,041.58",$2.19T,$33.25B,19.94M BTC,0.19% (24h),82%,18%
2025-11-02 11:47:52,"$110,010.85",$2.19T,$32.36B,19.94M BTC,0.45% (24h),82%,18%
2025-11-02 11:59:33,"$110,104.74",$2.19T,$33.11B,19.94M BTC,0.36% (24h),82%,18%
2025-11-02 12:23:50,"$110,161.68",$2.19T,$32.95B,19.94M BTC,0.13% (24h),82%,18%
2025-11-02 12:40:31,"$110,064.57",$2.19T,$32.87B,19.94M BTC,0.29% (24h),82%,18%
2025-11-02 12:51:36,"$110,048.33",$2.19T,$33.04B,19.94M BTC,0.29% (24h),82%,18%
2025-11-02 13:13:48,"$110,204.73",$2.19T,$32.12B,19.94M BTC,0.16% (24h),82%,18%
2025-11-02 13:41:02,"$110,215.81",$2.19T,$32.83B,19.94M BTC,0.11% (24h),82%,18%
2025-11-02 13:52:59,"$110,288.81",$2.19T,$32.89B,19.94M BTC,0.07% (24h),82%,18%
2025-11-02 14:17:03,"$110,172.82",$2.19T,$32.99B,19.94M BTC,0.13% (24h),82%,18%
2025-11-02 14:28:50,"$110,090.50",$2.19T,$33B,19.94M BTC,0.25% (24h),82%,18%
2025-11-02 14:41:04,"$110,034.28",$2.19T,$33.12B,19.94M BTC,0.26% (24h),82%,18%
2025-11-02 14:52:40,"$110,072.70",$2.19T,$32.52B,19.94M BTC,0.26% (24h),82%,18%
2025-11-02 15:23:11,"$110,023.74",$2.19T,$33.35B,19.94M BTC,0.4% (24h),82%,18%
2025-11-02 15:41:01,"$110,048.96",$2.19T,$31.26B,19.94M BTC,0.42% (24h),82%,18%
2025-11-02 15:52:56,"$110,061.92",$2.19T,$31.3B,19.94M BTC,0.43% (24h),82%,18%
2025-11-02 16:19:34,"$110,012.12",$2.19T,$33.31B,19.94M BTC,0.36% (24h),82%,18%
2025-11-02 16:31:37,"$110,054.42",$2.19T,$33.46B,19.94M BTC,0.21% (24h),82%,18%
2025-11-02 16:43:31,"$110,013.13",$2.19T,$33.44B,19.94M BTC,0.12% (24h),82%,18%
2025-11-02 16:58:23,"$110,023.50",$2.19T,$33.31B,19.94M BTC,0.11% (24h),82%,18%
2025-11-02 17:23:36,"$109,979.13",$2.19T,$33.2B,19.94M BTC,0.02% (24h),82%,18%
2025-11-02 17:42:06,"$109,625.82",$2.18T,$32.59B,19.94M BTC,0.34% (24h),82%,18%
2025-11-02 17:53:56,"$109,761.03",$2.18T,$32.87B,19.94M BTC,0.2% (24h),82%,18%
2025-11-02 18:20:52,"$110,212.33",$2.19T,$33.54B,19.94M BTC,0.21% (24h),82%,18%
2025-11-02 18:32:27,"$110,221.53",$2.19T,$33.65B,19.94M BTC,0.17% (24h),82%,18%
2025-11-02 21:21:51,"$109,551.55",$2.18T,$37.66B,19.94M BTC,0.28% (24h),82%,18%
2025-11-02 22:35:41,"$108,250.40",$2.15T,$40.23B,19.94M BTC,1.57% (24h),82%,18%
2025-11-02 23:05:55,"$107,640.67",$2.14T,$41.45B,19.94M BTC,2.15% (24h),82%,18%
2025-11-02 23:41:31,"$107,874.22",$2.15T,$42.36B,19.94M BTC,2.06% (24h),82%,18%
2025-11-02 23:56:52,"$107,933.61",$2.15T,$42.97B,19.94M BTC,2.38% (24h),82%,18%
2025-11-03 00:24:49,"$107,836.06",$2.15T,$41.4B,19.94M BTC,2.27% (24h),82%,18%
2025-11-03 00:45:05,"$107,570.29",$2.14T,$42.63B,19.94M BTC,2.6% (24h),82%,18%
2025-11-03 00:57:48,"$107,595.68",$2.14T,$41.82B,19.94M BTC,2.61% (24h),82%,18%
2025-11-03 01:41:06,"$107,373.67",$2.14T,$42.26B,19.94M BTC,2.73% (24h),82%,18%
2025-11-03 01:59:15,"$107,551.69",$2.14T,$42.71B,19.94M BTC,2.78% (24h),82%,18%
2025-11-03 02:28:35,"$107,657.90",$2.14T,$43.41B,19.94M BTC,2.53% (24h),82%,18%
2025-11-03 02:43:24,"$107,544.06",$2.14T,$43.78B,19.94M BTC,2.8% (24h),82%,18%
2025-11-03 02:58:29,"$107,617.88",$2.14T,$43.69B,19.94M BTC,2.98% (24h),82%,18%
2025-11-03 03:36:37,"$107,264.58",$2.13T,$43.8B,19.94M BTC,3.11% (24h),82%,18%
2025-11-03 03:56:51,"$107,444.94",$2.14T,$44.54B,19.94M BTC,3% (24h),82%,18%
2025-11-03 04:29:11,"$107,382.99",$2.14T,$44.94B,19.94M BTC,3.21% (24h),82%,18%
2025-11-03 04:48:12,"$107,266.89",$2.13T,$45.31B,19.94M BTC,2.97% (24h),82%,18%
2025-11-03 04:59:46,"$107,197.71",$2.13T,$45.1B,19.94M BTC,3.13% (24h),82%,18%
2025-11-03 05:34:26,"$107,355.48",$2.14T,$45.62B,19.94M BTC,2.73% (24h),82%,18%
2025-11-03 05:53:25,"$107,235.17",$2.13T,$45.07B,19.94M BTC,2.88% (24h),82%,18%
2025-11-03 06:20:41,"$107,675.83",$2.14T,$46.99B,19.94M BTC,2.78% (24h),82%,18%
2025-11-03 06:33:11,"$107,687.50",$2.14T,$46.38B,19.94M BTC,2.76% (24h),82%,18%
2025-11-03 06:49:09,"$107,825.05",$2.15T,$46.43B,19.94M BTC,2.77% (24h),82%,18%
2025-11-03 07:00:00,"$107,781.36",$2.14T,$46.18B,19.94M BTC,2.99% (24h),82%,18%
2025-11-03 07:59:01,"$107,775.07",$2.14T,$46.4B,19.94M BTC,2.71% (24h),82%,18%
2025-11-03 08:37:23,"$107,919.86",$2.15T,$47.04B,19.94M BTC,2.12% (24h),82%,18%
2025-11-03 08:53:02,"$107,830.13",$2.15T,$47.25B,19.94M BTC,2.35% (24h),82%,18%
2025-11-03 09:24:18,"$107,670.19",$2.14T,$47.54B,19.94M BTC,2.44% (24h),82%,18%
2025-11-03 09:46:43,"$107,570.09",$2.14T,$47.98B,19.94M BTC,2.41% (24h),82%,18%
2025-11-03 09:59:04,"$107,995.93",$2.15T,$48.41B,19.94M BTC,2.17% (24h),82%,18%
2025-11-03 10:30:25,"$105,915.76",$2.11T,$50.46B,19.94M BTC,4.15% (24h),82%,18%
2025-11-03 10:47:06,"$105,931.97",$2.11T,$53.1B,19.94M BTC,3.97% (24h),82%,18%
2025-11-03 10:58:32,"$105,825.22",$2.11T,$54.25B,19.94M BTC,3.91% (24h),82%,18%
2025-11-03 11:32:36,"$106,511.22",$2.12T,$58.02B,19.94M BTC,3.21% (24h),82%,18%
2025-11-03 11:55:41,"$106,570.05",$2.12T,$59.14B,19.94M BTC,3.18% (24h),82%,18%
2025-11-03 12:21:44,"$107,614.23",$2.14T,$61.06B,19.94M BTC,2.31% (24h),82%,18%
2025-11-03 12:39:21,"$107,560.13",$2.14T,$62.71B,19.94M BTC,2.27% (24h),82%,18%
2025-11-03 12:51:47,"$107,507.34",$2.14T,$63.02B,19.94M BTC,2.3% (24h),82%,18%
2025-11-03 13:15:54,"$107,211.13",$2.13T,$65.47B,19.94M BTC,2.69% (24h),82%,18%
2025-11-03 13:44:33,"$106,911.80",$2.13T,$65.65B,19.94M BTC,3.04% (24h),82%,18%
2025-11-03 13:59:06,"$106,957.16",$2.13T,$65.82B,19.94M BTC,3.04% (24h),82%,18%
2025-11-03 14:22:40,"$107,045.59",$2.13T,$68B,19.94M BTC,2.81% (24h),82%,18%
2025-11-03 14:40:34,"$107,342.29",$2.14T,$68.6B,19.94M BTC,2.44% (24h),82%,18%
2025-11-03 14:52:28,"$107,064.24",$2.13T,$68.12B,19.94M BTC,2.7% (24h),82%,18%
2025-11-03 15:26:29,"$106,572.57",$2.12T,$68.95B,19.94M BTC,3.1% (24h),82%,18%
2025-11-03 15:44:48,"$106,604.81",$2.12T,$69.47B,19.94M BTC,3.11% (24h),82%,18%
2025-11-03 15:58:50,"$106,390.70",$2.12T,$69.75B,19.94M BTC,3.33% (24h),82%,18%
2025-11-03 16:26:00,"$106,521.87",$2.12T,$71.29B,19.94M BTC,3.17% (24h),82%,18%
2025-11-03 16:41:01,"$106,843.47",$2.13T,$71.77B,19.94M BTC,2.89% (24h),82%,18%
2025-11-03 16:53:07,"$106,911.57",$2.13T,$72.35B,19.94M BTC,2.87% (24h),82%,18%
2025-11-03 17:23:12,"$106,337.76",$2.12T,$73.09B,19.94M BTC,3.32% (24h),82%,18%
2025-11-03 17:43:58,"$106,348.61",$2.12T,$73.36B,19.94M BTC,3.01% (24h),82%,18%
2025-11-03 17:59:04,"$106,397.51",$2.12T,$73.36B,19.94M BTC,3.09% (24h),82%,18%
2025-11-03 18:26:53,"$106,473.02",$2.12T,$73.39B,19.94M BTC,3.36% (24h),82%,18%
2025-11-03 18:41:39,"$106,628.90",$2.12T,$72.72B,19.94M BTC,3.4% (24h),82%,18%
2025-11-03 18:52:44,"$106,528.85",$2.12T,$72.82B,19.94M BTC,3.55% (24h),82%,18%
2025-11-03 20:47:59,"$107,048.84",$2.13T,$74.25B,19.94M BTC,2.5% (24h),82%,18%
2025-11-03 22:04:37,"$106,466.91",$2.12T,$73.95B,19.94M BTC,2.41% (24h),82%,18%
2025-11-03 22:50:09,"$107,009.20",$2.13T,$72.41B,19.94M BTC,0.99% (24h),82%,18%
2025-11-03 23:02:25,"$107,225.95",$2.13T,$72.17B,19.94M BTC,0.62% (24h),82%,18%
2025-11-03 23:36:00,"$106,914.12",$2.13T,$72.3B,19.94M BTC,0.88% (24h),82%,18%
2025-11-03 23:52:22,"$106,749.01",$2.12T,$71.45B,19.94M BTC,1.03% (24h),82%,18%
2025-11-04 00:24:02,"$105,955.93",$2.11T,$71.03B,19.94M BTC,1.86% (24h),82%,18%
2025-11-04 00:44:45,"$105,009.91",$2.09T,$71.79B,19.94M BTC,2.37% (24h),82%,18%
2025-11-04 00:58:19,"$104,247.59",$2.07T,$73.74B,19.94M BTC,3.09% (24h),82%,18%
2025-11-04 01:39:50,"$104,528.58",$2.08T,$76.45B,19.94M BTC,2.84% (24h),82%,18%
2025-11-04 01:58:08,"$104,592.45",$2.08T,$76.76B,19.94M BTC,2.71% (24h),82%,18%
2025-11-04 02:26:03,"$104,544.93",$2.08T,$77.96B,19.94M BTC,2.96% (24h),82%,18%
2025-11-04 02:42:50,"$104,499.37",$2.08T,$79.16B,19.94M BTC,2.83% (24h),82%,18%
2025-11-04 02:58:34,"$104,500.69",$2.08T,$78.94B,19.94M BTC,2.92% (24h),82%,18%
2025-11-04 03:36:44,"$104,505.97",$2.08T,$79.96B,19.94M BTC,2.56% (24h),82%,18%
2025-11-04 03:57:30,"$104,002.47",$2.07T,$80.26B,19.94M BTC,3.2% (24h),82%,18%
2025-11-04 04:27:42,"$103,866.02",$2.07T,$80.52B,19.94M BTC,3.24% (24h),82%,18%
2025-11-04 05:34:06,"$103,726.82",$2.06T,$82.07B,19.94M BTC,3.39% (24h),82%,18%
2025-11-04 05:54:38,"$103,743.41",$2.06T,$82.44B,19.94M BTC,3.22% (24h),82%,18%
2025-11-04 06:22:10,"$104,395.81",$2.08T,$81.98B,19.94M BTC,3.04% (24h),82%,18%
2025-11-04 06:37:26,"$104,503.00",$2.08T,$82.83B,19.94M BTC,2.82% (24h),82%,18%
2025-11-04 06:49:26,"$104,539.45",$2.08T,$81.36B,19.94M BTC,3.02% (24h),82%,18%
2025-11-04 07:00:40,"$104,549.02",$2.08T,$82.48B,19.94M BTC,2.99% (24h),82%,18%
2025-11-04 08:02:38,"$103,912.79",$2.07T,$83.89B,19.94M BTC,3.56% (24h),82%,18%
2025-11-04 08:45:40,"$104,079.43",$2.07T,$84.66B,19.94M BTC,3.48% (24h),82%,18%
2025-11-04 08:59:46,"$103,896.92",$2.07T,$84.74B,19.94M BTC,3.68% (24h),82%,18%
2025-11-04 09:31:24,"$103,733.70",$2.06T,$83.98B,19.94M BTC,3.59% (24h),82%,18%
2025-11-04 09:50:37,"$104,056.63",$2.07T,$86.99B,19.94M BTC,3.48% (24h),82%,18%
2025-11-04 10:01:53,"$104,544.54",$2.08T,$86.81B,19.94M BTC,3.17% (24h),82%,18%
2025-11-04 10:33:13,"$104,249.63",$2.07T,$87.32B,19.94M BTC,1.4% (24h),82%,18%
2025-11-04 10:52:44,"$103,585.10",$2.06T,$84.66B,19.94M BTC,2.22% (24h),82%,18%
2025-11-04 11:33:18,"$102,790.41",$2.05T,$83.75B,19.94M BTC,3.5% (24h),82%,18%
2025-11-04 11:56:23,"$102,438.10",$2.04T,$83.68B,19.94M BTC,3.83% (24h),82%,18%
2025-11-04 12:19:50,"$101,066.08",$2.01T,$84.87B,19.94M BTC,5.54% (24h),82%,18%
2025-11-04 12:37:14,"$101,901.33",$2.03T,$87.71B,19.94M BTC,5.1% (24h),82%,18%
2025-11-04 12:49:21,"$101,154.65",$2.01T,$87.5B,19.94M BTC,6% (24h),82%,18%
2025-11-04 13:00:53,"$101,017.31",$2.01T,$88.48B,19.94M BTC,5.99% (24h),82%,18%
2025-11-04 13:41:16,"$100,346.74",$2T,$91.09B,19.94M BTC,6.38% (24h),82%,18%
2025-11-04 13:56:20,"$101,145.74",$2.01T,$92.52B,19.94M BTC,5.45% (24h),82%,18%
2025-11-04 14:20:03,"$101,269.74",$2.01T,$93.65B,19.94M BTC,5.21% (24h),82%,18%
2025-11-04 14:31:38,"$101,093.43",$2.01T,$94.81B,19.94M BTC,5.54% (24h),82%,18%
2025-11-04 14:43:28,"$100,661.11",$2T,$93.29B,19.94M BTC,6.06% (24h),82%,18%
2025-11-04 14:58:30,"$100,343.67",$2T,$93.87B,19.94M BTC,6.31% (24h),82%,18%
2025-11-04 15:30:46,"$100,518.06",$2T,$97.41B,19.94M BTC,5.82% (24h),82%,18%
2025-11-04 15:47:37,"$100,864.48",$2.01T,$100.69B,19.94M BTC,5.28% (24h),82%,18%
2025-11-04 15:59:31,"$100,692.06",$2T,$101.06B,19.94M BTC,5.38% (24h),82%,18%
2025-11-04 16:26:51,"$99,947.84",$1.99T,$98.49B,19.94M BTC,6.15% (24h),82%,18%
2025-11-04 16:41:20,"$99,358.58",$1.98T,$102.93B,19.94M BTC,6.99% (24h),82%,18%
2025-11-04 16:52:43,"$99,372.26",$1.98T,$103.62B,19.94M BTC,7.08% (24h),82%,18%
2025-11-04 17:21:54,"$101,140.73",$2.01T,$107.69B,19.94M BTC,5.03% (24h),82%,18%
2025-11-04 17:41:12,"$101,365.52",$2.02T,$107.33B,19.94M BTC,4.66% (24h),82%,18%
2025-11-04 17:53:04,"$101,061.78",$2.01T,$108.82B,19.94M BTC,5.08% (24h),82%,18%
2025-11-04 18:21:56,"$101,072.53",$2.01T,$109.69B,19.94M BTC,4.94% (24h),82%,18%
2025-11-04 18:36:36,"$101,193.99",$2.01T,$110.69B,19.94M BTC,5.04% (24h),82%,18%
2025-11-04 18:48:11,"$101,539.06",$2.02T,$109.67B,19.94M BTC,4.64% (24h),82%,18%
2025-11-04 18:59:57,"$101,537.75",$2.02T,$110.71B,19.94M BTC,4.69% (24h),82%,18%
2025-11-04 21:08:27,"$101,476.92",$2.02T,$113.41B,19.94M BTC,4.99% (24h),82%,18%
2025-11-04 22:20:25,"$101,644.52",$2.02T,$119.82B,19.94M BTC,4.85% (24h),82%,18%
2025-11-04 22:54:45,"$102,154.26",$2.03T,$119.5B,19.94M BTC,4.56% (24h),82%,18%
2025-11-04 23:28:16,"$101,591.25",$2.02T,$122.49B,19.94M BTC,5% (24h),82%,18%
2025-11-04 23:47:17,"$102,110.90",$2.03T,$123.75B,19.94M BTC,4.4% (24h),82%,18%
2025-11-04 23:59:06,"$101,941.55",$2.03T,$124.18B,19.94M BTC,4.5% (24h),82%,18%
2025-11-05 00:30:07,"$101,891.45",$2.03T,$123.73B,19.94M BTC,3.57% (24h),82%,18%
2025-11-05 00:46:37,"$101,755.93",$2.02T,$120.58B,19.94M BTC,2.84% (24h),82%,18%
2025-11-05 00:58:26,"$101,775.91",$2.02T,$120.89B,19.94M BTC,2.38% (24h),82%,18%
2025-11-05 01:39:56,"$101,820.48",$2.03T,$118.19B,19.94M BTC,2.6% (24h),82%,18%
2025-11-05 01:57:37,"$102,133.26",$2.03T,$117.73B,19.94M BTC,2.37% (24h),82%,18%
2025-11-05 02:23:40,"$101,661.50",$2.02T,$116.99B,19.94M BTC,2.79% (24h),82%,18%
2025-11-05 02:42:39,"$101,919.70",$2.03T,$115.75B,19.94M BTC,2.56% (24h),82%,18%
2025-11-05 02:58:49,"$102,087.05",$2.03T,$116.13B,19.94M BTC,2.32% (24h),82%,18%
2025-11-05 03:38:20,"$101,709.36",$2.02T,$114.14B,19.94M BTC,2.66% (24h),82%,18%
2025-11-05 03:57:46,"$101,750.94",$2.02T,$113.62B,19.94M BTC,2.18% (24h),82%,18%
2025-11-05 04:29:21,"$101,920.74",$2.03T,$114.18B,19.94M BTC,1.94% (24h),82%,18%
2025-11-05 04:47:55,"$101,900.49",$2.03T,$113.61B,19.94M BTC,1.9% (24h),82%,18%
2025-11-05 04:59:36,"$101,966.82",$2.03T,$113.43B,19.94M BTC,1.86% (24h),82%,18%
2025-11-05 05:32:58,"$101,763.58",$2.02T,$112.82B,19.94M BTC,1.91% (24h),82%,18%
2025-11-05 05:53:18,"$101,424.31",$2.02T,$111.4B,19.94M BTC,2.19% (24h),82%,18%
2025-11-05 06:21:22,"$101,509.39",$2.02T,$111.15B,19.94M BTC,2.71% (24h),82%,18%
2025-11-05 06:35:36,"$101,695.52",$2.02T,$110.98B,19.94M BTC,2.61% (24h),82%,18%
2025-11-05 06:48:19,"$101,868.39",$2.03T,$110.88B,19.94M BTC,2.57% (24h),82%,18%
2025-11-05 06:59:56,"$102,091.58",$2.03T,$111.43B,19.94M BTC,2.34% (24h),82%,18%
2025-11-05 07:59:10,"$102,629.03",$2.04T,$111.74B,19.94M BTC,1.26% (24h),82%,18%
2025-11-05 08:40:18,"$102,658.68",$2.04T,$111.06B,19.94M BTC,1.36% (24h),82%,18%
2025-11-05 08:55:12,"$103,213.01",$2.05T,$110.46B,19.94M BTC,0.75% (24h),82%,18%
2025-11-05 09:24:53,"$102,599.20",$2.04T,$111.77B,19.94M BTC,1.24% (24h),82%,18%
2025-11-05 09:48:29,"$103,081.68",$2.05T,$111B,19.94M BTC,0.84% (24h),82%,18%
2025-11-05 10:00:08,"$103,157.89",$2.05T,$109.22B,19.94M BTC,1.24% (24h),82%,18%
2025-11-05 10:29:38,"$103,440.26",$2.06T,$109.33B,19.94M BTC,0.99% (24h),82%,18%
2025-11-05 10:47:59,"$103,728.90",$2.06T,$109.35B,19.94M BTC,0.25% (24h),82%,18%
2025-11-05 10:59:32,"$103,696.61",$2.06T,$109.41B,19.94M BTC,0.32% (24h),82%,18%
2025-11-05 11:38:00,"$103,743.15",$2.06T,$107.4B,19.94M BTC,1.06% (24h),82%,18%
2025-11-05 11:57:51,"$103,918.86",$2.07T,$106.79B,19.94M BTC,1.61% (24h),82%,18%
2025-11-05 12:24:58,"$103,850.55",$2.07T,$103.02B,19.94M BTC,2.32% (24h),82%,18%
2025-11-05 12:42:51,"$103,874.26",$2.07T,$102.24B,19.94M BTC,2.44% (24h),82%,18%
2025-11-05 12:58:43,"$103,856.19",$2.07T,$101.98B,19.94M BTC,2.73% (24h),82%,18%
2025-11-05 13:39:04,"$104,239.38",$2.07T,$99.26B,19.94M BTC,3.82% (24h),82%,18%
2025-11-05 13:56:52,"$104,355.56",$2.08T,$97.43B,19.94M BTC,3.12% (24h),82%,18%
2025-11-05 14:20:15,"$104,314.20",$2.08T,$96.3B,19.94M BTC,3% (24h),82%,18%
2025-11-05 14:32:23,"$104,313.04",$2.08T,$95.6B,19.94M BTC,3.24% (24h),82%,18%
2025-11-05 14:49:15,"$104,011.35",$2.07T,$94.91B,19.94M BTC,3.15% (24h),82%,18%
2025-11-05 15:00:32,"$104,029.72",$2.07T,$94.38B,19.94M BTC,3.55% (24h),82%,18%
2025-11-05 15:33:20,"$103,910.41",$2.07T,$90.64B,19.94M BTC,3.57% (24h),82%,18%
2025-11-05 15:51:51,"$103,889.64",$2.07T,$89.53B,19.94M BTC,3.19% (24h),82%,18%
2025-11-05 16:11:38,"$103,693.95",$2.06T,$87.81B,19.94M BTC,3.14% (24h),82%,18%
2025-11-05 16:31:18,"$103,596.96",$2.06T,$86.95B,19.94M BTC,3.99% (24h),82%,18%
2025-11-05 16:43:29,"$103,650.87",$2.06T,$84.86B,19.94M BTC,4.62% (24h),82%,18%
2025-11-05 16:58:35,"$103,685.23",$2.06T,$82.62B,19.94M BTC,3.74% (24h),82%,18%
2025-11-05 17:26:49,"$103,442.35",$2.06T,$80.36B,19.94M BTC,2.4% (24h),82%,18%
2025-11-05 17:44:17,"$103,575.36",$2.06T,$79.41B,19.94M BTC,2.31% (24h),82%,18%
2025-11-05 17:58:49,"$103,746.45",$2.06T,$79.51B,19.94M BTC,2.65% (24h),82%,18%
2025-11-05 18:26:32,"$103,924.42",$2.07T,$77.87B,19.94M BTC,2.83% (24h),82%,18%
2025-11-05 18:43:07,"$103,975.46",$2.07T,$78.15B,19.94M BTC,2.59% (24h),82%,18%
2025-11-05 18:58:43,"$103,908.12",$2.07T,$77.97B,19.94M BTC,2.24% (24h),82%,18%
2025-11-05 21:05:46,"$103,267.21",$2.05T,$72.67B,19.94M BTC,1.93% (24h),82%,18%
2025-11-05 22:22:32,"$103,756.31",$2.06T,$66.76B,19.94M BTC,1.99% (24h),82%,18%
2025-11-05 23:00:15,"$103,617.39",$2.06T,$64.64B,19.94M BTC,1.49% (24h),82%,18%
2025-11-05 23:37:09,"$103,686.35",$2.06T,$61.83B,19.94M BTC,1.86% (24h),82%,18%
2025-11-05 23:54:11,"$104,019.23",$2.07T,$61.29B,19.94M BTC,2.02% (24h),82%,18%
2025-11-06 00:34:40,"$103,340.47",$2.06T,$60.88B,19.94M BTC,1.3% (24h),82%,18%
2025-11-06 00:44:47,"$103,254.17",$2.05T,$60.86B,19.94M BTC,1.31% (24h),82%,18%
2025-11-06 00:58:12,"$103,115.43",$2.05T,$60.74B,19.94M BTC,1.33% (24h),82%,18%
2025-11-06 01:40:15,"$103,353.54",$2.06T,$60.24B,19.94M BTC,1.49% (24h),82%,18%
2025-11-06 01:58:49,"$103,345.04",$2.06T,$59.92B,19.94M BTC,1.2% (24h),82%,18%
2025-11-06 02:27:18,"$103,467.22",$2.06T,$60.02B,19.94M BTC,1.68% (24h),82%,18%
2025-11-06 02:42:23,"$103,077.24",$2.05T,$60.18B,19.94M BTC,1.14% (24h),82%,18%
2025-11-06 02:59:15,"$103,237.95",$2.05T,$60.43B,19.94M BTC,1.14% (24h),82%,18%
2025-11-06 03:38:00,"$103,244.77",$2.05T,$60.04B,19.94M BTC,1.51% (24h),82%,18%
2025-11-06 03:56:32,"$103,217.99",$2.05T,$59.52B,19.94M BTC,1.37% (24h),82%,18%
2025-11-06 04:27:33,"$103,067.84",$2.05T,$59.82B,19.94M BTC,1.15% (24h),82%,18%
2025-11-06 04:45:48,"$102,998.31",$2.05T,$59.57B,19.94M BTC,1.04% (24h),82%,18%
2025-11-06 04:58:30,"$102,923.21",$2.05T,$59.41B,19.94M BTC,0.91% (24h),82%,18%
2025-11-06 05:31:09,"$103,054.06",$2.05T,$58.81B,19.94M BTC,1.21% (24h),82%,18%
2025-11-06 05:50:13,"$103,039.31",$2.05T,$59.63B,19.94M BTC,1.52% (24h),82%,18%
2025-11-06 06:02:19,"$103,036.88",$2.05T,$60.15B,19.94M BTC,1.56% (24h),82%,18%
2025-11-06 06:26:52,"$103,064.47",$2.05T,$59.2B,19.94M BTC,1.33% (24h),82%,18%
2025-11-06 06:42:07,"$103,180.18",$2.05T,$59.2B,19.94M BTC,1.38% (24h),82%,18%
2025-11-06 06:53:38,"$103,204.82",$2.05T,$58.88B,19.94M BTC,1.18% (24h),82%,18%
2025-11-06 07:48:40,"$102,462.26",$2.04T,$58.1B,19.94M BTC,0.16% (24h),82%,18%
2025-11-06 08:25:01,"$103,459.63",$2.06T,$58.08B,19.94M BTC,0.9% (24h),82%,18%
2025-11-06 08:50:58,"$103,409.04",$2.06T,$58.39B,19.94M BTC,0.46% (24h),82%,18%
2025-11-06 09:01:58,"$103,296.48",$2.06T,$57.99B,19.94M BTC,0.38% (24h),82%,18%
2025-11-06 09:35:30,"$102,544.34",$2.04T,$57.42B,19.94M BTC,0.22% (24h),82%,18%
2025-11-06 09:52:27,"$102,266.52",$2.03T,$58.18B,19.94M BTC,0.99% (24h),82%,18%
2025-11-06 10:27:22,"$102,714.51",$2.04T,$58.4B,19.94M BTC,0.36% (24h),82%,18%
2025-11-06 10:47:45,"$101,804.79",$2.03T,$58.34B,19.94M BTC,1.84% (24h),82%,18%
2025-11-06 10:59:23,"$102,017.82",$2.03T,$59.06B,19.94M BTC,1.6% (24h),82%,18%
2025-11-06 11:39:28,"$101,178.60",$2.01T,$59.04B,19.94M BTC,2.49% (24h),82%,18%
2025-11-06 11:58:28,"$100,736.98",$2T,$59.5B,19.94M BTC,3.05% (24h),82%,18%
2025-11-06 12:26:38,"$101,144.21",$2.01T,$60.68B,19.94M BTC,2.6% (24h),82%,18%
2025-11-06 12:44:48,"$101,316.12",$2.02T,$61.12B,19.94M BTC,2.52% (24h),82%,18%
2025-11-06 12:59:08,"$101,719.91",$2.02T,$61.09B,19.94M BTC,2.02% (24h),82%,18%
2025-11-06 13:41:20,"$101,700.96",$2.02T,$60.94B,19.94M BTC,2.45% (24h),82%,18%
2025-11-06 13:59:01,"$101,708.55",$2.02T,$60.98B,19.94M BTC,2.49% (24h),82%,18%
2025-11-06 14:23:09,"$101,737.39",$2.02T,$60.07B,19.94M BTC,2.41% (24h),82%,18%
2025-11-06 14:40:53,"$101,487.22",$2.02T,$61.78B,19.94M BTC,2.8% (24h),82%,18%
2025-11-06 14:52:25,"$101,314.92",$2.02T,$61.14B,19.94M BTC,2.67% (24h),82%,18%
2025-11-06 15:26:25,"$101,393.58",$2.02T,$61.79B,19.94M BTC,2.74% (24h),82%,18%
2025-11-06 15:45:10,"$100,857.92",$2.01T,$61.96B,19.94M BTC,2.94% (24h),82%,18%
2025-11-06 15:58:15,"$100,919.38",$2.01T,$61.13B,19.94M BTC,2.88% (24h),82%,18%
2025-11-06 16:24:35,"$100,601.61",$2T,$62.01B,19.94M BTC,3.07% (24h),82%,18%
2025-11-06 16:40:54,"$100,903.89",$2.01T,$61.39B,19.94M BTC,2.66% (24h),82%,18%
2025-11-06 16:53:15,"$101,153.87",$2.01T,$61.18B,19.94M BTC,2.49% (24h),82%,18%
2025-11-06 17:23:01,"$101,249.02",$2.01T,$61.63B,19.94M BTC,2.06% (24h),82%,18%
2025-11-06 17:44:12,"$101,124.09",$2.01T,$62.61B,19.94M BTC,2.36% (24h),82%,18%
2025-11-06 17:59:00,"$101,412.73",$2.02T,$62.55B,19.94M BTC,2.25% (24h),82%,18%
2025-11-06 18:26:16,"$101,417.80",$2.02T,$62.83B,19.94M BTC,2.43% (24h),82%,18%
2025-11-06 18:40:31,"$101,185.56",$2.01T,$63.75B,19.94M BTC,2.63% (24h),82%,18%
2025-11-06 18:51:44,"$101,237.64",$2.01T,$63.89B,19.94M BTC,2.64% (24h),82%,18%
2025-11-06 19:51:54,"$101,521.76",$2.02T,$63.29B,19.94M BTC,1.94% (24h),82%,18%
2025-11-06 21:43:46,"$101,514.16",$2.02T,$65.6B,19.94M BTC,1.84% (24h),82%,18%
2025-11-06 22:37:39,"$102,134.03",$2.03T,$66.16B,19.94M BTC,1.49% (24h),82%,18%
2025-11-06 23:00:11,"$101,872.47",$2.03T,$66.64B,19.94M BTC,1.68% (24h),82%,18%
2025-11-06 23:33:14,"$101,800.51",$2.03T,$67.85B,19.94M BTC,1.82% (24h),82%,18%
2025-11-06 23:52:08,"$101,817.06",$2.03T,$67.88B,19.94M BTC,2.11% (24h),82%,18%
2025-11-07 00:23:39,"$102,298.36",$2.04T,$68.33B,19.94M BTC,1.23% (24h),82%,18%
2025-11-07 00:44:36,"$102,282.09",$2.04T,$69.46B,19.94M BTC,0.93% (24h),82%,18%
2025-11-07 00:59:12,"$102,369.87",$2.04T,$68.44B,19.94M BTC,0.69% (24h),82%,18%
2025-11-07 01:41:25,"$102,047.06",$2.03T,$69.77B,19.94M BTC,1.28% (24h),82%,18%
2025-11-07 01:58:09,"$101,862.16",$2.03T,$69.15B,19.94M BTC,1.46% (24h),82%,18%
2025-11-07 02:25:53,"$101,766.70",$2.02T,$70.45B,19.94M BTC,1.61% (24h),82%,18%
2025-11-07 02:42:07,"$101,765.86",$2.02T,$70.75B,19.94M BTC,1.26% (24h),82%,18%
2025-11-07 02:53:36,"$101,918.35",$2.03T,$70.58B,19.94M BTC,1.12% (24h),82%,18%
2025-11-07 03:32:01,"$101,730.29",$2.02T,$71.27B,19.94M BTC,1.56% (24h),82%,18%
2025-11-07 03:56:09,"$101,465.86",$2.02T,$70.87B,19.94M BTC,1.67% (24h),82%,18%
2025-11-07 04:24:50,"$101,066.35",$2.01T,$70.65B,19.94M BTC,1.87% (24h),82%,18%
2025-11-07 04:43:36,"$100,841.33",$2.01T,$71.84B,19.94M BTC,2.05% (24h),82%,18%
2025-11-07 04:58:53,"$100,899.25",$2.01T,$72.32B,19.94M BTC,1.95% (24h),82%,18%
2025-11-07 05:30:26,"$100,644.07",$2T,$72.6B,19.94M BTC,2.31% (24h),82%,18%
2025-11-07 05:48:05,"$100,839.32",$2.01T,$72.94B,19.94M BTC,2.18% (24h),82%,18%
2025-11-07 06:00:30,"$100,732.16",$2T,$73.17B,19.94M BTC,2.31% (24h),82%,18%
2025-11-07 06:25:42,"$99,991.44",$1.99T,$74.39B,19.94M BTC,3% (24h),82%,18%
2025-11-07 06:41:08,"$100,183.91",$1.99T,$76.25B,19.94M BTC,2.88% (24h),82%,18%
2025-11-07 06:53:00,"$100,497.10",$2T,$76.76B,19.94M BTC,2.58% (24h),82%,18%
2025-11-07 07:46:36,"$99,516.83",$1.98T,$79.35B,19.94M BTC,2.88% (24h),82%,18%
2025-11-07 08:21:13,"$100,345.07",$2T,$80.22B,19.94M BTC,2.65% (24h),82%,18%
2025-11-07 08:44:15,"$100,078.00",$1.99T,$79.37B,19.94M BTC,3.06% (24h),82%,18%
2025-11-07 08:58:09,"$100,308.69",$2T,$82.08B,19.94M BTC,2.93% (24h),82%,18%
2025-11-07 09:27:11,"$100,200.72",$1.99T,$82.32B,19.94M BTC,2.52% (24h),82%,18%
2025-11-07 09:45:22,"$100,741.27",$2T,$82.52B,19.94M BTC,1.67% (24h),82%,18%
2025-11-07 09:58:53,"$100,682.81",$2T,$84.51B,19.94M BTC,1.35% (24h),82%,18%
2025-11-07 10:28:25,"$100,983.51",$2.01T,$85.09B,19.94M BTC,1.42% (24h),82%,18%
2025-11-07 10:44:53,"$100,501.09",$2T,$85.56B,19.94M BTC,1.48% (24h),82%,18%
2025-11-07 10:58:41,"$100,868.99",$2.01T,$85.41B,19.94M BTC,1.1% (24h),82%,18%
2025-11-07 11:32:13,"$101,505.14",$2.02T,$85.52B,19.94M BTC,0.05% (24h),82%,18%
2025-11-07 11:52:30,"$101,297.39",$2.02T,$85.64B,19.94M BTC,0.71% (24h),82%,18%
2025-11-07 12:01:42,"$101,010.56",$2.01T,$85.16B,19.94M BTC,0.08% (24h),82%,18%
2025-11-07 12:27:24,"$102,356.16",$2.04T,$85.56B,19.94M BTC,1.22% (24h),82%,18%
2025-11-07 12:43:08,"$102,266.73",$2.04T,$85.06B,19.94M BTC,0.92% (24h),82%,18%
2025-11-07 12:58:18,"$102,284.00",$2.04T,$85.63B,19.94M BTC,0.59% (24h),82%,18%
2025-11-07 13:36:10,"$102,564.74",$2.04T,$88.22B,19.94M BTC,0.91% (24h),82%,18%
2025-11-07 13:52:16,"$102,265.28",$2.03T,$89.79B,19.94M BTC,0.18% (24h),82%,18%
2025-11-07 14:10:08,"$102,483.21",$2.04T,$90.35B,19.94M BTC,0.66% (24h),82%,18%
2025-11-07 14:27:55,"$102,803.66",$2.05T,$90.43B,19.94M BTC,1.07% (24h),82%,18%
2025-11-07 14:40:41,"$103,196.70",$2.05T,$91.03B,19.94M BTC,1.51% (24h),82%,18%
2025-11-07 14:52:00,"$103,101.35",$2.05T,$90.96B,19.94M BTC,1.76% (24h),82%,18%
2025-11-07 15:24:26,"$103,117.23",$2.05T,$92.15B,19.94M BTC,1.77% (24h),82%,18%
2025-11-07 15:41:49,"$103,699.31",$2.06T,$89.27B,19.94M BTC,2.81% (24h),82%,18%
2025-11-07 15:53:50,"$103,765.55",$2.06T,$90.79B,19.94M BTC,2.84% (24h),82%,18%
2025-11-07 16:17:50,"$103,510.62",$2.06T,$92.24B,19.94M BTC,2.9% (24h),82%,18%
2025-11-07 16:31:04,"$103,426.61",$2.06T,$93.12B,19.94M BTC,2.57% (24h),82%,18%
2025-11-07 16:43:31,"$103,456.28",$2.06T,$93.43B,19.94M BTC,2.33% (24h),82%,18%
2025-11-07 16:58:18,"$103,784.62",$2.07T,$90.55B,19.94M BTC,2.7% (24h),82%,18%
2025-11-07 17:24:58,"$103,954.16",$2.07T,$93.48B,19.94M BTC,2.69% (24h),82%,18%
2025-11-07 17:43:09,"$103,708.13",$2.06T,$93.03B,19.94M BTC,2.56% (24h),82%,18%
2025-11-07 17:58:41,"$103,620.46",$2.06T,$93.14B,19.94M BTC,2.26% (24h),82%,18%
2025-11-07 18:24:48,"$103,512.61",$2.06T,$92.83B,19.94M BTC,2.18% (24h),82%,18%
2025-11-07 18:40:34,"$103,584.28",$2.06T,$93.01B,19.94M BTC,2.41% (24h),82%,18%
2025-11-07 18:53:30,"$103,401.15",$2.06T,$92.94B,19.94M BTC,2.13% (24h),82%,18%
2025-11-07 20:42:16,"$103,071.21",$2.05T,$90.55B,19.94M BTC,1.96% (24h),82%,18%
2025-11-07 21:56:47,"$102,770.66",$2.04T,$90.41B,19.94M BTC,0.97% (24h),82%,18%
2025-11-07 22:37:54,"$102,993.54",$2.05T,$89.03B,19.94M BTC,0.81% (24h),82%,18%
2025-11-07 22:55:02,"$102,600.14",$2.04T,$88.23B,19.94M BTC,0.66% (24h),82%,18%
2025-11-07 23:26:46,"$102,508.05",$2.04T,$87.76B,19.94M BTC,0.55% (24h),82%,18%
2025-11-07 23:45:06,"$102,693.57",$2.04T,$88.68B,19.94M BTC,0.89% (24h),82%,18%
2025-11-07 23:58:19,"$102,504.08",$2.04T,$88.84B,19.94M BTC,0.6% (24h),82%,18%
2025-11-08 00:24:49,"$102,463.57",$2.04T,$87.4B,19.94M BTC,0.12% (24h),82%,18%
2025-11-08 00:43:23,"$102,411.00",$2.04T,$85.84B,19.94M BTC,0.12% (24h),82%,18%
2025-11-08 00:58:26,"$102,297.89",$2.04T,$85.8B,19.94M BTC,0.08% (24h),82%,18%
2025-11-08 01:35:19,"$102,340.20",$2.04T,$87.58B,19.94M BTC,0.25% (24h),82%,18%
2025-11-08 01:53:30,"$102,312.80",$2.04T,$87.55B,19.94M BTC,0.33% (24h),82%,18%
2025-11-08 02:22:41,"$102,044.15",$2.03T,$86.98B,19.94M BTC,0.08% (24h),82%,18%
2025-11-08 02:32:26,"$101,998.70",$2.03T,$86.85B,19.94M BTC,0.2% (24h),82%,18%
2025-11-08 02:49:02,"$102,233.34",$2.03T,$87.42B,19.94M BTC,0.39% (24h),82%,18%
2025-11-08 03:01:00,"$102,307.34",$2.04T,$87.04B,19.94M BTC,0.33% (24h),82%,18%
2025-11-08 03:34:05,"$102,422.20",$2.04T,$85.8B,19.94M BTC,0.7% (24h),82%,18%
2025-11-08 03:52:17,"$102,492.01",$2.04T,$85.8B,19.94M BTC,1.03% (24h),82%,18%
2025-11-08 04:21:42,"$102,339.71",$2.04T,$85.23B,19.94M BTC,0.9% (24h),82%,18%
2025-11-08 04:36:09,"$102,531.81",$2.04T,$83.97B,19.94M BTC,1.6% (24h),82%,18%
2025-11-08 04:47:45,"$102,453.98",$2.04T,$84.25B,19.94M BTC,1.54% (24h),82%,18%
2025-11-08 04:59:43,"$102,349.29",$2.04T,$84.87B,19.94M BTC,1.44% (24h),82%,18%
2025-11-08 05:28:05,"$102,448.28",$2.04T,$83.43B,19.94M BTC,1.74% (24h),82%,18%
2025-11-08 05:42:59,"$102,437.18",$2.04T,$82.94B,19.94M BTC,1.66% (24h),82%,18%
2025-11-08 05:58:36,"$102,497.73",$2.04T,$82.4B,19.94M BTC,1.83% (24h),82%,18%
2025-11-08 06:20:56,"$102,558.67",$2.04T,$82.31B,19.94M BTC,2.46% (24h),82%,18%
2025-11-08 06:32:07,"$102,377.79",$2.04T,$80.03B,19.94M BTC,2.43% (24h),82%,18%
2025-11-08 06:48:30,"$101,873.18",$2.03T,$79.3B,19.94M BTC,1.78% (24h),82%,18%
2025-11-08 06:59:39,"$101,836.41",$2.03T,$78.83B,19.94M BTC,1.51% (24h),82%,18%
2025-11-08 08:18:07,"$101,883.93",$2.03T,$75.2B,19.94M BTC,2% (24h),82%,18%
2025-11-08 08:37:52,"$102,064.73",$2.03T,$75.42B,19.94M BTC,1.87% (24h),82%,18%
2025-11-08 08:49:18,"$101,864.06",$2.03T,$75.36B,19.94M BTC,1.46% (24h),82%,18%
2025-11-08 09:00:52,"$101,789.06",$2.03T,$74.13B,19.94M BTC,1.51% (24h),82%,18%
2025-11-08 09:26:07,"$101,687.03",$2.02T,$74.1B,19.94M BTC,1.51% (24h),82%,18%
2025-11-08 09:41:39,"$101,946.15",$2.03T,$74.39B,19.94M BTC,2.06% (24h),82%,18%
2025-11-08 09:53:57,"$101,841.58",$2.03T,$73.77B,19.94M BTC,1.22% (24h),82%,18%
2025-11-08 10:22:06,"$101,668.02",$2.02T,$69.31B,19.94M BTC,0.87% (24h),82%,18%
2025-11-08 10:34:38,"$101,534.21",$2.02T,$68.48B,19.94M BTC,0.81% (24h),82%,18%
2025-11-08 10:48:15,"$101,662.74",$2.02T,$68.09B,19.94M BTC,0.92% (24h),82%,18%
2025-11-08 10:59:57,"$101,678.33",$2.02T,$67.35B,19.94M BTC,0.8% (24h),82%,18%
2025-11-08 11:31:58,"$101,816.05",$2.03T,$65.69B,19.94M BTC,0.32% (24h),82%,18%
2025-11-08 11:51:00,"$101,737.65",$2.02T,$65.5B,19.94M BTC,0.51% (24h),82%,18%
2025-11-08 12:03:04,"$101,797.47",$2.03T,$64.94B,19.94M BTC,0.67% (24h),82%,18%
2025-11-08 12:28:16,"$101,808.58",$2.03T,$63.91B,19.94M BTC,0.47% (24h),82%,18%
2025-11-08 12:41:43,"$101,907.20",$2.03T,$61.84B,19.94M BTC,0.23% (24h),82%,18%
2025-11-08 12:53:30,"$101,822.71",$2.03T,$59.97B,19.94M BTC,0.08% (24h),82%,18%
2025-11-08 13:30:54,"$102,025.86",$2.03T,$59.9B,19.94M BTC,0.57% (24h),82%,18%
2025-11-08 13:50:00,"$102,049.24",$2.03T,$59.74B,19.94M BTC,0.35% (24h),82%,18%
2025-11-08 14:01:00,"$102,166.23",$2.03T,$58.39B,19.94M BTC,0.4% (24h),82%,18%
2025-11-08 14:21:55,"$101,743.13",$2.02T,$57.56B,19.94M BTC,1.06% (24h),82%,18%
2025-11-08 14:34:00,"$101,796.18",$2.03T,$57.53B,19.94M BTC,1.06% (24h),82%,18%
2025-11-08 14:48:23,"$101,940.12",$2.03T,$56.69B,19.94M BTC,1.13% (24h),82%,18%
2025-11-08 14:59:23,"$101,938.32",$2.03T,$57.33B,19.94M BTC,1.26% (24h),82%,18%
2025-11-08 15:30:24,"$102,071.86",$2.03T,$56.47B,19.94M BTC,1.14% (24h),82%,18%
2025-11-08 15:41:40,"$102,094.91",$2.03T,$56.14B,19.94M BTC,1.46% (24h),82%,18%
2025-11-08 15:53:23,"$102,089.16",$2.03T,$55.58B,19.94M BTC,1.61% (24h),82%,18%
2025-11-08 16:19:14,"$102,060.87",$2.03T,$54.69B,19.94M BTC,1.39% (24h),82%,18%
2025-11-08 16:31:31,"$102,083.72",$2.03T,$54.35B,19.94M BTC,1.28% (24h),82%,18%
2025-11-08 16:42:42,"$102,271.35",$2.03T,$54.15B,19.94M BTC,1.11% (24h),82%,18%
2025-11-08 16:58:01,"$102,263.55",$2.03T,$53.47B,19.94M BTC,1.46% (24h),82%,18%
2025-11-08 17:22:41,"$102,288.96",$2.04T,$52.7B,19.94M BTC,1.58% (24h),82%,18%
2025-11-08 17:41:38,"$102,231.22",$2.03T,$53.2B,19.94M BTC,1.42% (24h),82%,18%
2025-11-08 17:53:11,"$102,398.99",$2.04T,$53.25B,19.94M BTC,1.27% (24h),82%,18%
2025-11-08 18:21:12,"$102,391.94",$2.04T,$52.71B,19.94M BTC,1.06% (24h),82%,18%
2025-11-08 18:32:53,"$102,430.32",$2.04T,$52.51B,19.94M BTC,1.07% (24h),82%,18%
2025-11-08 18:48:44,"$102,318.82",$2.04T,$52.46B,19.94M BTC,1.08% (24h),82%,18%
2025-11-08 18:59:48,"$102,281.99",$2.04T,$52.39B,19.94M BTC,1.05% (24h),82%,18%
2025-11-08 21:11:02,"$101,872.17",$2.03T,$50.74B,19.94M BTC,1% (24h),82%,18%
2025-11-08 22:21:44,"$101,770.57",$2.02T,$50.56B,19.94M BTC,1.36% (24h),82%,18%
2025-11-08 22:54:56,"$101,666.61",$2.02T,$50.55B,19.94M BTC,1% (24h),82%,18%
2025-11-08 23:27:22,"$102,019.97",$2.03T,$49.63B,19.94M BTC,0.46% (24h),82%,18%
2025-11-08 23:46:07,"$101,845.44",$2.03T,$50.07B,19.94M BTC,0.84% (24h),82%,18%
2025-11-08 23:58:39,"$101,712.75",$2.02T,$49.95B,19.94M BTC,0.78% (24h),82%,18%
2025-11-09 00:26:23,"$101,852.96",$2.03T,$49.93B,19.94M BTC,0.57% (24h),82%,18%
2025-11-09 00:42:54,"$101,863.17",$2.03T,$50B,19.94M BTC,0.55% (24h),82%,18%
2025-11-09 00:58:18,"$101,881.51",$2.03T,$49.16B,19.94M BTC,0.39% (24h),82%,18%
2025-11-09 01:35:39,"$101,832.09",$2.03T,$49.19B,19.94M BTC,0.5% (24h),82%,18%
2025-11-09 01:53:20,"$101,783.25",$2.03T,$49.23B,19.94M BTC,0.51% (24h),82%,18%
2025-11-09 02:21:29,"$101,756.69",$2.02T,$49.27B,19.94M BTC,0.41% (24h),82%,18%
2025-11-09 02:34:06,"$101,795.10",$2.03T,$48.26B,19.94M BTC,0.3% (24h),82%,18%
2025-11-09 02:49:23,"$101,871.03",$2.03T,$48.23B,19.94M BTC,0.35% (24h),82%,18%
2025-11-09 03:00:22,"$101,916.35",$2.03T,$48.21B,19.94M BTC,0.38% (24h),82%,18%
2025-11-09 03:32:14,"$101,997.98",$2.03T,$48.75B,19.94M BTC,0.39% (24h),82%,18%
2025-11-09 03:50:21,"$101,892.09",$2.03T,$48.47B,19.94M BTC,0.57% (24h),82%,18%
2025-11-09 04:01:44,"$101,989.26",$2.03T,$48.28B,19.94M BTC,0.34% (24h),82%,18%
2025-11-09 04:26:29,"$102,076.85",$2.03T,$47.4B,19.94M BTC,0.32% (24h),82%,18%
2025-11-09 04:40:03,"$101,950.14",$2.03T,$48.2B,19.94M BTC,0.56% (24h),82%,18%
2025-11-09 04:51:59,"$101,755.62",$2.02T,$48.17B,19.94M BTC,0.61% (24h),82%,18%
2025-11-09 05:10:56,"$101,555.84",$2.02T,$47.48B,19.94M BTC,0.73% (24h),82%,18%
2025-11-09 05:34:26,"$101,605.76",$2.02T,$48B,19.94M BTC,0.85% (24h),82%,18%
2025-11-09 05:48:40,"$101,830.61",$2.03T,$48.12B,19.94M BTC,0.66% (24h),82%,18%
2025-11-09 06:00:05,"$101,849.71",$2.03T,$47.29B,19.94M BTC,0.6% (24h),82%,18%
2025-11-09 06:21:52,"$102,263.28",$2.03T,$48.22B,19.94M BTC,0.28% (24h),82%,18%
2025-11-09 06:33:25,"$102,113.47",$2.03T,$48.6B,19.94M BTC,0.24% (24h),82%,18%
2025-11-09 06:48:59,"$102,203.65",$2.03T,$49.17B,19.94M BTC,0.28% (24h),82%,18%
2025-11-09 06:59:55,"$102,202.27",$2.03T,$48.23B,19.94M BTC,0.37% (24h),82%,18%
2025-11-09 07:52:18,"$102,119.82",$2.03T,$49.16B,19.94M BTC,0.17% (24h),82%,18%
2025-11-09 08:27:53,"$102,473.44",$2.04T,$48.84B,19.94M BTC,0.4% (24h),82%,18%
2025-11-09 08:42:48,"$102,705.65",$2.04T,$49.03B,19.94M BTC,0.61% (24h),82%,18%
2025-11-09 08:58:40,"$102,863.55",$2.05T,$48.39B,19.94M BTC,0.92% (24h),82%,18%
2025-11-09 09:22:50,"$103,175.07",$2.05T,$48.26B,19.94M BTC,1.59% (24h),82%,18%
2025-11-09 09:40:17,"$103,384.34",$2.06T,$49.56B,19.94M BTC,1.44% (24h),82%,18%
2025-11-09 09:52:13,"$103,254.71",$2.05T,$51.03B,19.94M BTC,1.24% (24h),82%,18%
2025-11-09 10:20:56,"$103,564.00",$2.06T,$51.65B,19.94M BTC,1.82% (24h),82%,18%
2025-11-09 10:33:20,"$103,626.37",$2.06T,$51.7B,19.94M BTC,2.06% (24h),82%,18%
2025-11-09 10:49:03,"$103,787.59",$2.07T,$52.13B,19.94M BTC,2.06% (24h),82%,18%
2025-11-09 11:00:21,"$103,750.16",$2.06T,$51.85B,19.94M BTC,2.03% (24h),82%,18%
2025-11-09 11:31:58,"$103,459.88",$2.06T,$52.21B,19.94M BTC,1.6% (24h),82%,18%
2025-11-09 11:47:26,"$103,629.32",$2.06T,$53.06B,19.94M BTC,1.87% (24h),82%,18%
2025-11-09 11:59:19,"$103,812.79",$2.07T,$52.49B,19.94M BTC,2% (24h),82%,18%
2025-11-09 12:22:20,"$103,440.43",$2.06T,$52.61B,19.94M BTC,1.64% (24h),82%,18%
2025-11-09 12:40:29,"$103,625.75",$2.06T,$53.44B,19.94M BTC,1.73% (24h),82%,18%
2025-11-09 12:52:24,"$103,607.53",$2.06T,$52.74B,19.94M BTC,1.76% (24h),82%,18%
2025-11-09 13:29:42,"$103,622.34",$2.06T,$53.43B,19.94M BTC,1.69% (24h),82%,18%
2025-11-09 13:47:22,"$103,845.97",$2.07T,$52.23B,19.94M BTC,1.76% (24h),82%,18%
2025-11-09 13:59:08,"$104,469.82",$2.08T,$52.96B,19.94M BTC,2.21% (24h),82%,18%
2025-11-09 14:20:07,"$104,299.44",$2.08T,$53.53B,19.94M BTC,2.48% (24h),82%,18%
2025-11-09 14:31:54,"$104,638.15",$2.08T,$54.42B,19.94M BTC,2.82% (24h),82%,18%
2025-11-09 14:43:29,"$104,687.45",$2.08T,$53.88B,19.94M BTC,2.66% (24h),82%,18%
2025-11-09 14:58:45,"$104,760.77",$2.08T,$54.02B,19.94M BTC,2.82% (24h),82%,18%
2025-11-09 15:27:34,"$104,534.39",$2.08T,$54.96B,19.94M BTC,2.43% (24h),82%,18%
2025-11-09 15:42:10,"$104,567.50",$2.08T,$55.91B,19.94M BTC,2.42% (24h),82%,18%
2025-11-09 15:58:45,"$104,601.77",$2.08T,$54.16B,19.94M BTC,2.51% (24h),82%,18%
2025-11-09 16:22:54,"$104,627.56",$2.08T,$56.47B,19.94M BTC,2.5% (24h),82%,18%
2025-11-09 16:39:45,"$104,619.42",$2.08T,$56.64B,19.94M BTC,2.28% (24h),82%,18%
2025-11-09 16:51:54,"$104,635.14",$2.08T,$56.65B,19.94M BTC,2.28% (24h),82%,18%
2025-11-09 17:10:01,"$104,288.08",$2.08T,$56.05B,19.94M BTC,2.02% (24h),82%,18%
2025-11-09 17:32:32,"$104,422.10",$2.08T,$57B,19.94M BTC,2.07% (24h),82%,18%
2025-11-09 17:48:49,"$104,376.90",$2.08T,$57.17B,19.94M BTC,2.01% (24h),82%,18%
2025-11-09 18:00:19,"$104,786.67",$2.09T,$57.43B,19.94M BTC,2.36% (24h),82%,18%
2025-11-09 18:25:50,"$104,712.77",$2.08T,$58.78B,19.94M BTC,2.26% (24h),82%,18%
2025-11-09 18:40:19,"$104,638.20",$2.08T,$59.22B,19.94M BTC,2.25% (24h),82%,18%
2025-11-09 18:51:59,"$104,601.86",$2.08T,$59.46B,19.94M BTC,2.22% (24h),82%,18%
2025-11-09 19:55:54,"$106,390.60",$2.12T,$60.57B,19.94M BTC,4.44% (24h),82%,18%
2025-11-09 21:50:59,"$105,899.05",$2.11T,$66.46B,19.94M BTC,3.98% (24h),82%,18%
2025-11-09 22:45:06,"$106,198.34",$2.11T,$67.86B,19.94M BTC,4.48% (24h),82%,18%
2025-11-09 23:18:11,"$106,044.13",$2.11T,$68.6B,19.94M BTC,4.08% (24h),82%,18%
2025-11-09 23:45:26,"$105,912.67",$2.11T,$67.84B,19.94M BTC,3.98% (24h),82%,18%
2025-11-09 23:58:51,"$106,191.86",$2.11T,$67.81B,19.94M BTC,4.38% (24h),82%,18%
2025-11-10 00:29:32,"$106,199.64",$2.11T,$68.57B,19.94M BTC,4.23% (24h),82%,18%
2025-11-10 00:45:57,"$106,163.87",$2.11T,$67.94B,19.94M BTC,4.26% (24h),82%,18%
2025-11-10 00:58:57,"$106,072.77",$2.11T,$67.83B,19.94M BTC,4.11% (24h),82%,18%
2025-11-10 01:43:10,"$106,163.05",$2.11T,$67.63B,19.94M BTC,4.17% (24h),82%,18%
2025-11-10 02:01:27,"$106,235.84",$2.11T,$68.65B,19.94M BTC,4.43% (24h),82%,18%
2025-11-10 02:29:22,"$106,332.75",$2.12T,$67.71B,19.94M BTC,4.46% (24h),82%,18%
2025-11-10 02:44:31,"$106,320.98",$2.12T,$68.72B,19.94M BTC,4.38% (24h),82%,18%
2025-11-10 02:59:30,"$106,424.96",$2.12T,$69.14B,19.94M BTC,4.45% (24h),82%,18%
2025-11-10 03:37:18,"$106,002.03",$2.11T,$69.11B,19.94M BTC,4.01% (24h),82%,18%
2025-11-10 03:57:00,"$105,943.31",$2.11T,$68.05B,19.94M BTC,3.96% (24h),82%,18%
2025-11-10 04:28:44,"$106,266.28",$2.11T,$70.78B,19.94M BTC,4.18% (24h),82%,18%
2025-11-10 04:48:02,"$106,484.43",$2.12T,$70.49B,19.94M BTC,4.6% (24h),82%,18%
2025-11-10 04:59:27,"$106,383.23",$2.12T,$70.64B,19.94M BTC,4.64% (24h),82%,18%
2025-11-10 05:34:31,"$106,106.28",$2.11T,$71.23B,19.94M BTC,4.4% (24h),82%,18%
2025-11-10 05:52:45,"$106,028.99",$2.11T,$71.07B,19.94M BTC,4.09% (24h),82%,18%
2025-11-10 06:21:18,"$106,012.81",$2.11T,$71B,19.94M BTC,3.68% (24h),82%,18%
2025-11-10 06:34:57,"$106,183.79",$2.11T,$70.88B,19.94M BTC,3.99% (24h),82%,18%
2025-11-10 06:48:43,"$106,263.11",$2.11T,$70.18B,19.94M BTC,3.95% (24h),82%,18%
2025-11-10 07:00:04,"$106,184.32",$2.11T,$70.95B,19.94M BTC,3.88% (24h),82%,18%
2025-11-10 07:59:38,"$105,930.39",$2.11T,$71.25B,19.94M BTC,3.79% (24h),82%,18%
2025-11-10 08:39:01,"$106,452.44",$2.12T,$71.52B,19.94M BTC,3.73% (24h),82%,18%
2025-11-10 08:53:54,"$106,486.88",$2.12T,$70.87B,19.94M BTC,3.44% (24h),82%,18%
2025-11-10 09:24:23,"$106,255.79",$2.11T,$71.22B,19.94M BTC,3.01% (24h),82%,18%
2025-11-10 09:58:40,"$104,875.07",$2.09T,$70.28B,19.94M BTC,1.79% (24h),82%,18%
2025-11-10 10:30:22,"$105,507.76",$2.1T,$72.48B,19.94M BTC,1.88% (24h),82%,18%
2025-11-10 10:47:50,"$105,376.69",$2.1T,$71.61B,19.94M BTC,1.52% (24h),82%,18%
2025-11-10 10:59:23,"$104,987.05",$2.09T,$71.9B,19.94M BTC,1.18% (24h),82%,18%
2025-11-10 11:37:56,"$105,058.55",$2.09T,$73.23B,19.94M BTC,1.55% (24h),82%,18%
2025-11-10 11:57:27,"$105,137.98",$2.09T,$74.34B,19.94M BTC,1.3% (24h),82%,18%
2025-11-10 12:22:23,"$105,403.14",$2.1T,$73.66B,19.94M BTC,1.89% (24h),82%,18%
2025-11-10 12:39:01,"$105,641.99",$2.1T,$74.44B,19.94M BTC,1.84% (24h),82%,18%
2025-11-10 12:50:34,"$105,845.25",$2.11T,$73.92B,19.94M BTC,2.13% (24h),82%,18%
2025-11-10 13:02:14,"$105,942.58",$2.11T,$74.12B,19.94M BTC,2.25% (24h),82%,18%
2025-11-10 13:41:06,"$105,872.86",$2.11T,$75.17B,19.94M BTC,2.05% (24h),82%,18%
2025-11-10 13:55:13,"$105,779.23",$2.1T,$74.53B,19.94M BTC,1.36% (24h),82%,18%
2025-11-10 14:20:11,"$105,610.65",$2.1T,$74.16B,19.94M BTC,1.25% (24h),82%,18%
2025-11-10 14:31:57,"$105,654.45",$2.1T,$73.36B,19.94M BTC,0.84% (24h),82%,18%
2025-11-10 14:49:03,"$105,893.70",$2.11T,$72.87B,19.94M BTC,1.1% (24h),82%,18%
2025-11-10 15:00:46,"$105,822.56",$2.11T,$71.4B,19.94M BTC,0.98% (24h),82%,18%
2025-11-10 15:34:25,"$105,963.65",$2.11T,$72.86B,19.94M BTC,1.27% (24h),82%,18%
2025-11-10 16:03:22,"$105,907.60",$2.11T,$72.84B,19.94M BTC,1.24% (24h),82%,18%
2025-11-10 16:22:06,"$105,671.99",$2.1T,$72.25B,19.94M BTC,0.99% (24h),82%,18%
2025-11-10 16:42:24,"$105,476.82",$2.1T,$72.29B,19.94M BTC,0.65% (24h),82%,18%
2025-11-10 16:58:33,"$105,491.60",$2.1T,$72.28B,19.94M BTC,1.07% (24h),82%,18%
2025-11-10 17:26:16,"$105,576.60",$2.1T,$72.07B,19.94M BTC,1.04% (24h),82%,18%
2025-11-10 17:44:51,"$105,649.19",$2.1T,$70.72B,19.94M BTC,1.33% (24h),82%,18%
2025-11-10 17:59:05,"$105,965.23",$2.11T,$70.27B,19.94M BTC,1.21% (24h),82%,18%
2025-11-10 18:26:22,"$106,213.38",$2.11T,$69.21B,19.94M BTC,1.42% (24h),82%,18%
2025-11-10 18:41:52,"$106,048.93",$2.11T,$69.63B,19.94M BTC,1.35% (24h),82%,18%
2025-11-10 18:53:29,"$106,055.25",$2.11T,$69.66B,19.94M BTC,1.34% (24h),82%,18%
2025-11-10 20:49:40,"$106,642.87",$2.12T,$64.94B,19.94M BTC,0.73% (24h),82%,18%
2025-11-10 22:07:38,"$106,736.90",$2.12T,$67.66B,19.94M BTC,0.59% (24h),82%,18%
2025-11-10 22:53:46,"$106,459.63",$2.12T,$67.16B,19.94M BTC,0.43% (24h),82%,18%
2025-11-10 23:28:49,"$106,056.22",$2.11T,$66.96B,19.94M BTC,0.13% (24h),82%,18%
2025-11-10 23:49:15,"$105,769.79",$2.1T,$67.38B,19.94M BTC,0.18% (24h),82%,18%
2025-11-11 00:00:42,"$105,717.11",$2.1T,$67.64B,19.94M BTC,0.42% (24h),82%,18%
2025-11-11 00:31:02,"$105,490.01",$2.1T,$69.02B,19.94M BTC,0.7% (24h),82%,18%
2025-11-11 00:57:03,"$105,375.87",$2.1T,$69.35B,19.94M BTC,0.63% (24h),82%,18%
2025-11-11 01:40:40,"$105,067.01",$2.09T,$70.64B,19.94M BTC,1.01% (24h),82%,18%
2025-11-11 01:59:03,"$105,235.62",$2.09T,$70.94B,19.94M BTC,0.93% (24h),82%,18%
2025-11-11 02:28:30,"$105,151.65",$2.09T,$71.44B,19.94M BTC,1.12% (24h),82%,18%
2025-11-11 02:44:13,"$104,922.75",$2.09T,$71.4B,19.94M BTC,1.34% (24h),82%,18%
2025-11-11 02:58:29,"$104,769.26",$2.08T,$70.69B,19.94M BTC,1.54% (24h),82%,18%
2025-11-11 03:35:48,"$104,984.79",$2.09T,$71.32B,19.94M BTC,0.99% (24h),82%,18%
2025-11-11 03:56:46,"$105,114.22",$2.09T,$70.25B,19.94M BTC,0.81% (24h),82%,18%
2025-11-11 04:27:41,"$105,323.94",$2.1T,$69.9B,19.94M BTC,0.85% (24h),82%,18%
2025-11-11 04:45:27,"$105,050.17",$2.09T,$70.35B,19.94M BTC,1.34% (24h),82%,18%
2025-11-11 04:58:16,"$104,977.28",$2.09T,$69.5B,19.94M BTC,1.34% (24h),82%,18%
2025-11-11 05:31:51,"$105,135.97",$2.09T,$69.24B,19.94M BTC,0.94% (24h),82%,18%
2025-11-11 05:50:55,"$105,079.20",$2.09T,$69.94B,19.94M BTC,0.95% (24h),82%,18%
2025-11-11 06:02:53,"$105,239.33",$2.09T,$69.81B,19.94M BTC,0.7% (24h),82%,18%
2025-11-11 06:28:57,"$105,304.07",$2.1T,$68.89B,19.94M BTC,0.85% (24h),82%,18%
2025-11-11 06:44:12,"$105,459.22",$2.1T,$69.59B,19.94M BTC,0.73% (24h),82%,18%
2025-11-11 06:58:06,"$105,232.86",$2.09T,$69.62B,19.94M BTC,0.89% (24h),82%,18%
2025-11-11 07:54:51,"$104,583.87",$2.08T,$68.76B,19.94M BTC,1.27% (24h),82%,18%
2025-11-11 08:34:24,"$104,347.74",$2.08T,$70.05B,19.94M BTC,1.94% (24h),82%,18%
2025-11-11 08:52:52,"$104,449.72",$2.08T,$72.95B,19.94M BTC,1.88% (24h),82%,18%
2025-11-11 09:25:22,"$104,454.74",$2.08T,$74.19B,19.94M BTC,1.62% (24h),82%,18%
2025-11-11 09:47:16,"$104,133.35",$2.07T,$71.72B,19.94M BTC,1.2% (24h),82%,18%
2025-11-11 09:58:29,"$104,525.02",$2.08T,$73.07B,19.94M BTC,0.2% (24h),82%,18%
2025-11-11 10:32:13,"$103,647.92",$2.06T,$71.82B,19.94M BTC,1.74% (24h),82%,18%
2025-11-11 10:48:30,"$103,265.81",$2.05T,$71.68B,19.94M BTC,1.91% (24h),82%,18%
2025-11-11 11:00:15,"$103,493.17",$2.06T,$71.9B,19.94M BTC,1.45% (24h),82%,18%
2025-11-11 11:36:59,"$103,530.20",$2.06T,$71.75B,19.94M BTC,1.55% (24h),82%,18%
2025-11-11 11:55:50,"$103,489.35",$2.06T,$71.77B,19.94M BTC,1.5% (24h),82%,18%
2025-11-11 12:21:31,"$103,532.15",$2.06T,$71.36B,19.94M BTC,1.7% (24h),82%,18%
2025-11-11 12:41:02,"$102,916.78",$2.05T,$71.19B,19.94M BTC,2.59% (24h),82%,18%
2025-11-11 12:52:35,"$103,139.87",$2.05T,$71.54B,19.94M BTC,2.55% (24h),82%,18%
2025-11-11 13:33:39,"$103,366.02",$2.06T,$71.39B,19.94M BTC,2.4% (24h),82%,18%
2025-11-11 13:55:44,"$103,395.98",$2.06T,$71.85B,19.94M BTC,2.25% (24h),82%,18%
2025-11-11 14:19:52,"$103,253.44",$2.05T,$71.86B,19.94M BTC,2.24% (24h),82%,18%
2025-11-11 14:32:10,"$103,414.64",$2.06T,$71.91B,19.94M BTC,2.11% (24h),82%,18%
2025-11-11 14:43:19,"$103,140.29",$2.05T,$71.97B,19.94M BTC,2.56% (24h),82%,18%
2025-11-11 14:58:19,"$103,271.97",$2.06T,$71.8B,19.94M BTC,2.51% (24h),82%,18%
2025-11-11 15:29:29,"$102,961.56",$2.05T,$71.59B,19.94M BTC,2.9% (24h),82%,18%
2025-11-11 15:46:05,"$102,821.77",$2.05T,$71.16B,19.94M BTC,3.2% (24h),82%,18%
2025-11-11 15:59:00,"$102,809.59",$2.05T,$71.18B,19.94M BTC,2.89% (24h),82%,18%
2025-11-11 16:25:27,"$102,864.84",$2.05T,$70.64B,19.94M BTC,2.58% (24h),82%,18%
2025-11-11 16:41:36,"$102,494.17",$2.04T,$70.68B,19.94M BTC,2.85% (24h),82%,18%
2025-11-11 16:53:12,"$102,584.30",$2.04T,$70.74B,19.94M BTC,2.56% (24h),82%,18%
2025-11-11 17:23:22,"$102,897.41",$2.05T,$70.96B,19.94M BTC,2.52% (24h),82%,18%
2025-11-11 17:44:14,"$102,997.86",$2.05T,$70.89B,19.94M BTC,2.52% (24h),82%,18%
2025-11-11 17:58:16,"$102,987.57",$2.05T,$71.06B,19.94M BTC,2.81% (24h),82%,18%
2025-11-11 18:24:53,"$103,094.87",$2.05T,$70.1B,19.94M BTC,2.94% (24h),82%,18%
2025-11-11 18:41:58,"$102,969.72",$2.05T,$71.38B,19.94M BTC,2.87% (24h),82%,18%
2025-11-11 18:53:17,"$102,923.06",$2.05T,$71.39B,19.94M BTC,2.96% (24h),82%,18%
2025-11-11 20:48:28,"$103,199.81",$2.05T,$68.26B,19.94M BTC,3.18% (24h),82%,18%
2025-11-11 22:06:30,"$103,169.28",$2.05T,$64.5B,19.94M BTC,3.31% (24h),82%,18%
2025-11-11 22:52:17,"$103,336.55",$2.06T,$63.61B,19.94M BTC,2.96% (24h),82%,18%
2025-11-11 23:29:07,"$103,195.19",$2.05T,$62.86B,19.94M BTC,2.68% (24h),82%,18%
2025-11-11 23:49:37,"$103,153.90",$2.05T,$62.66B,19.94M BTC,2.48% (24h),82%,18%
2025-11-12 00:01:03,"$103,250.19",$2.05T,$62.67B,19.94M BTC,2.32% (24h),82%,18%
2025-11-12 00:31:12,"$103,333.88",$2.06T,$61.22B,19.94M BTC,2.05% (24h),82%,18%
2025-11-12 00:47:20,"$103,316.84",$2.06T,$61.79B,19.94M BTC,1.94% (24h),82%,18%
2025-11-12 00:59:08,"$103,357.46",$2.06T,$61.61B,19.94M BTC,1.81% (24h),82%,18%
2025-11-12 01:41:51,"$103,415.64",$2.06T,$60.97B,19.94M BTC,1.6% (24h),82%,18%
2025-11-12 01:58:59,"$103,351.18",$2.06T,$60.23B,19.94M BTC,1.72% (24h),82%,18%
2025-11-12 02:28:05,"$103,464.31",$2.06T,$60.36B,19.94M BTC,1.59% (24h),82%,18%
2025-11-12 02:43:53,"$103,476.31",$2.06T,$60.23B,19.94M BTC,1.36% (24h),82%,18%
2025-11-12 02:58:36,"$103,082.03",$2.05T,$59.42B,19.94M BTC,1.62% (24h),82%,18%
2025-11-12 03:37:00,"$103,985.75",$2.07T,$59.73B,19.94M BTC,0.95% (24h),82%,18%
2025-11-12 03:57:41,"$104,116.89",$2.07T,$60.71B,19.94M BTC,0.94% (24h),82%,18%
2025-11-12 04:28:09,"$104,765.60",$2.08T,$61.91B,19.94M BTC,0.53% (24h),82%,18%
2025-11-12 04:46:30,"$104,524.74",$2.08T,$62.29B,19.94M BTC,0.52% (24h),82%,18%
2025-11-12 04:58:43,"$104,500.78",$2.08T,$62.7B,19.94M BTC,0.44% (24h),82%,18%
2025-11-12 05:32:11,"$104,765.82",$2.08T,$63.74B,19.94M BTC,0.35% (24h),82%,18%
2025-11-12 05:54:04,"$104,909.75",$2.09T,$63.62B,19.94M BTC,0.14% (24h),82%,18%
2025-11-12 06:21:22,"$105,100.28",$2.09T,$64.2B,19.94M BTC,0.19% (24h),82%,18%
2025-11-12 06:35:15,"$104,890.30",$2.09T,$63.35B,19.94M BTC,0.41% (24h),82%,18%
2025-11-12 06:48:59,"$104,806.90",$2.09T,$64.42B,19.94M BTC,0.6% (24h),82%,18%
2025-11-12 08:00:49,"$105,019.25",$2.09T,$64.19B,19.94M BTC,0.49% (24h),82%,18%
2025-11-12 08:40:25,"$105,017.46",$2.09T,$59.56B,19.94M BTC,0.62% (24h),82%,18%
2025-11-12 08:56:03,"$105,016.04",$2.09T,$58.81B,19.94M BTC,0.69% (24h),82%,18%
2025-11-12 09:25:44,"$104,803.73",$2.09T,$59.1B,19.94M BTC,0.33% (24h),82%,18%
2025-11-12 09:48:33,"$104,276.51",$2.08T,$57.85B,19.94M BTC,0.13% (24h),82%,18%
2025-11-12 09:59:49,"$103,958.15",$2.07T,$57.76B,19.94M BTC,0.53% (24h),82%,18%
2025-11-12 10:34:41,"$103,592.69",$2.06T,$57.37B,19.94M BTC,0.11% (24h),82%,18%
2025-11-12 10:53:51,"$102,123.11",$2.03T,$57.75B,19.94M BTC,1.16% (24h),82%,18%
2025-11-12 11:32:29,"$101,983.41",$2.03T,$59.96B,19.94M BTC,1.34% (24h),82%,18%
2025-11-12 11:57:50,"$101,623.95",$2.02T,$60.86B,19.94M BTC,1.76% (24h),82%,18%
2025-11-12 12:24:47,"$101,518.29",$2.02T,$61.9B,19.94M BTC,1.91% (24h),82%,18%
2025-11-12 12:43:37,"$101,868.58",$2.03T,$61.31B,19.94M BTC,1.05% (24h),82%,18%
2025-11-12 12:58:58,"$101,722.20",$2.02T,$61.35B,19.94M BTC,1.53% (24h),82%,18%
2025-11-12 13:37:57,"$101,734.93",$2.02T,$61.96B,19.94M BTC,1.49% (24h),82%,18%
2025-11-12 13:55:56,"$101,544.78",$2.02T,$61.58B,19.94M BTC,1.79% (24h),82%,18%
2025-11-12 14:20:24,"$101,180.62",$2.01T,$62B,19.94M BTC,2.01% (24h),82%,18%
2025-11-12 14:32:41,"$100,929.29",$2.01T,$62.19B,19.94M BTC,2.4% (24h),82%,18%
2025-11-12 14:49:03,"$101,276.04",$2.02T,$63.41B,19.94M BTC,1.98% (24h),82%,18%
2025-11-12 15:00:22,"$101,276.32",$2.02T,$64.08B,19.94M BTC,1.77% (24h),82%,18%
2025-11-12 15:33:10,"$101,748.87",$2.02T,$63.85B,19.94M BTC,1.01% (24h),82%,18%
2025-11-12 15:49:40,"$101,630.64",$2.02T,$64.48B,19.94M BTC,1.18% (24h),82%,18%
2025-11-12 16:01:41,"$101,561.36",$2.02T,$64.8B,19.94M BTC,1.27% (24h),82%,18%
2025-11-12 16:28:27,"$101,721.09",$2.02T,$64.79B,19.94M BTC,1.03% (24h),82%,18%
2025-11-12 16:43:03,"$101,800.62",$2.03T,$64.13B,19.94M BTC,0.69% (24h),82%,18%
2025-11-12 16:58:03,"$101,850.62",$2.03T,$64.03B,19.94M BTC,0.88% (24h),82%,18%
2025-11-12 17:25:53,"$101,711.58",$2.02T,$64.61B,19.94M BTC,1.2% (24h),82%,18%
2025-11-12 17:46:15,"$101,800.10",$2.03T,$63.98B,19.94M BTC,1.15% (24h),82%,18%
2025-11-12 17:58:36,"$101,944.40",$2.03T,$64.31B,19.94M BTC,1.03% (24h),82%,18%
2025-11-12 18:25:41,"$101,913.41",$2.03T,$63.08B,19.94M BTC,1.14% (24h),82%,18%
2025-11-12 18:42:02,"$101,654.65",$2.02T,$65.53B,19.94M BTC,1.26% (24h),82%,18%
2025-11-12 18:53:50,"$101,547.21",$2.02T,$64.42B,19.94M BTC,1.36% (24h),82%,18%
2025-11-12 20:50:26,"$102,128.52",$2.03T,$67.73B,19.94M BTC,1.08% (24h),82%,18%
2025-11-12 22:09:13,"$101,970.81",$2.03T,$66.96B,19.94M BTC,1.17% (24h),82%,18%
2025-11-12 22:56:03,"$102,284.31",$2.04T,$68.42B,19.94M BTC,1% (24h),82%,18%
2025-11-12 23:29:39,"$102,214.37",$2.03T,$70.86B,19.94M BTC,0.95% (24h),82%,18%
2025-11-12 23:49:31,"$102,030.18",$2.03T,$71.33B,19.94M BTC,1.05% (24h),82%,18%
2025-11-13 00:00:50,"$102,091.99",$2.03T,$71.38B,19.94M BTC,1.08% (24h),82%,18%
2025-11-13 00:31:11,"$102,341.23",$2.04T,$72.35B,19.94M BTC,0.96% (24h),82%,18%
2025-11-13 00:48:22,"$102,727.33",$2.04T,$72.05B,19.94M BTC,0.54% (24h),82%,18%
2025-11-13 01:00:00,"$103,133.26",$2.05T,$72.26B,19.94M BTC,0.2% (24h),82%,18%
2025-11-13 01:42:33,"$103,387.79",$2.06T,$74.56B,19.94M BTC,0.05% (24h),82%,18%
2025-11-13 02:01:05,"$103,580.89",$2.06T,$75.07B,19.94M BTC,0.22% (24h),82%,18%
2025-11-13 02:29:07,"$103,976.25",$2.07T,$74.96B,19.94M BTC,0.5% (24h),82%,18%
2025-11-13 02:44:06,"$103,584.82",$2.06T,$76.16B,19.94M BTC,0.11% (24h),82%,18%
2025-11-13 02:58:29,"$103,374.07",$2.06T,$75.51B,19.94M BTC,0.26% (24h),82%,18%
2025-11-13 03:36:57,"$103,643.13",$2.06T,$76.17B,19.94M BTC,0.3% (24h),82%,18%
2025-11-13 03:56:48,"$103,586.06",$2.06T,$74.86B,19.94M BTC,0.5% (24h),82%,18%
2025-11-13 04:27:27,"$103,095.48",$2.05T,$74.6B,19.94M BTC,1.66% (24h),82%,18%
2025-11-13 04:46:04,"$103,002.83",$2.05T,$74.39B,19.94M BTC,1.48% (24h),82%,18%
2025-11-13 04:58:34,"$102,806.10",$2.05T,$73.96B,19.94M BTC,1.62% (24h),82%,18%
2025-11-13 05:32:04,"$103,040.65",$2.05T,$74.96B,19.94M BTC,1.65% (24h),82%,18%
2025-11-13 06:11:48,"$103,096.88",$2.05T,$74.37B,19.94M BTC,1.94% (24h),82%,18%
2025-11-13 06:31:21,"$102,906.89",$2.05T,$73.99B,19.94M BTC,1.85% (24h),82%,18%
2025-11-13 06:45:13,"$102,955.10",$2.05T,$73.21B,19.94M BTC,1.73% (24h),82%,18%
2025-11-13 06:58:20,"$102,939.61",$2.05T,$73.89B,19.94M BTC,1.95% (24h),82%,18%
2025-11-13 08:36:40,"$102,246.84",$2.03T,$73.99B,19.94M BTC,2.54% (24h),82%,18%
2025-11-13 08:55:05,"$102,503.00",$2.04T,$75.05B,19.94M BTC,2.39% (24h),82%,18%
2025-11-13 09:23:27,"$102,394.23",$2.04T,$76.17B,19.94M BTC,2.33% (24h),82%,18%
2025-11-13 09:43:46,"$101,908.80",$2.03T,$76.55B,19.94M BTC,2.57% (24h),82%,18%
2025-11-13 10:30:30,"$102,129.28",$2.03T,$79.38B,19.94M BTC,1.32% (24h),82%,18%
2025-11-13 10:46:43,"$101,493.96",$2.02T,$78.73B,19.94M BTC,1.21% (24h),82%,18%
2025-11-13 10:58:05,"$101,250.73",$2.01T,$78.46B,19.94M BTC,0.89% (24h),82%,18%
2025-11-13 11:33:10,"$101,042.14",$2.01T,$77.99B,19.94M BTC,0.94% (24h),82%,18%
2025-11-13 11:56:30,"$100,597.68",$2T,$78.59B,19.94M BTC,0.91% (24h),82%,18%
2025-11-13 12:23:33,"$100,337.82",$2T,$79.66B,19.94M BTC,1.16% (24h),82%,18%
2025-11-13 12:46:12,"$100,031.77",$1.99T,$82.45B,19.94M BTC,1.77% (24h),82%,18%
2025-11-13 12:58:25,"$99,737.31",$1.98T,$82.42B,19.94M BTC,1.97% (24h),82%,18%
2025-11-13 13:38:14,"$98,331.58",$1.96T,$85.69B,19.94M BTC,3.35% (24h),82%,18%
2025-11-13 13:56:20,"$98,297.85",$1.96T,$88.79B,19.94M BTC,3.22% (24h),82%,18%
2025-11-13 14:20:39,"$98,387.23",$1.96T,$91.94B,19.94M BTC,2.72% (24h),82%,18%
2025-11-13 14:31:49,"$98,995.82",$1.97T,$92.22B,19.94M BTC,2.07% (24h),82%,18%
2025-11-13 14:43:20,"$98,648.04",$1.96T,$92.55B,19.94M BTC,2.62% (24h),82%,18%
2025-11-13 14:58:15,"$98,576.63",$1.96T,$93B,19.94M BTC,2.71% (24h),82%,18%
2025-11-13 15:30:50,"$98,564.53",$1.96T,$94.32B,19.94M BTC,3.08% (24h),82%,18%
2025-11-13 15:47:44,"$98,467.51",$1.96T,$95.41B,19.94M BTC,3.13% (24h),82%,18%
2025-11-13 16:00:46,"$98,070.88",$1.95T,$93.07B,19.94M BTC,3.4% (24h),82%,18%
2025-11-13 16:25:55,"$98,277.83",$1.96T,$97.17B,19.94M BTC,3.4% (24h),82%,18%
2025-11-13 16:39:57,"$98,479.15",$1.96T,$98.73B,19.94M BTC,3.31% (24h),82%,18%
2025-11-13 16:51:33,"$98,782.03",$1.97T,$98.71B,19.94M BTC,2.95% (24h),82%,18%
2025-11-13 17:11:44,"$99,110.74",$1.97T,$98.23B,19.94M BTC,2.51% (24h),82%,18%
2025-11-13 17:35:26,"$99,452.51",$1.98T,$99.36B,19.94M BTC,2.14% (24h),82%,18%
2025-11-13 17:49:00,"$99,655.33",$1.98T,$96.99B,19.94M BTC,2.16% (24h),82%,18%
2025-11-13 18:00:11,"$99,780.62",$1.99T,$100.48B,19.94M BTC,2.14% (24h),82%,18%
2025-11-13 18:27:44,"$100,231.36",$1.99T,$100.92B,19.94M BTC,1.7% (24h),82%,18%
2025-11-13 18:42:23,"$100,348.02",$2T,$101.09B,19.94M BTC,1.28% (24h),82%,18%
2025-11-13 18:57:48,"$99,762.40",$1.99T,$101.59B,19.94M BTC,1.78% (24h),82%,18%
2025-11-13 21:00:01,"$99,210.22",$1.97T,$104.65B,19.94M BTC,2.73% (24h),82%,18%
2025-11-13 22:20:07,"$99,155.46",$1.97T,$104.26B,19.94M BTC,2.46% (24h),82%,18%
2025-11-13 22:56:08,"$99,037.40",$1.97T,$102.01B,19.94M BTC,3.17% (24h),82%,18%
2025-11-13 23:28:22,"$98,867.50",$1.97T,$103.26B,19.94M BTC,3.37% (24h),82%,18%
2025-11-13 23:48:16,"$97,757.76",$1.95T,$101.17B,19.94M BTC,4.13% (24h),82%,18%
2025-11-13 23:59:33,"$97,805.62",$1.95T,$105.35B,19.94M BTC,4.24% (24h),82%,18%
2025-11-14 00:29:29,"$97,439.23",$1.94T,$107.67B,19.94M BTC,4.62% (24h),82%,18%
2025-11-14 00:46:43,"$97,234.26",$1.93T,$108.78B,19.94M BTC,5.15% (24h),82%,18%
2025-11-14 00:58:34,"$97,458.50",$1.94T,$109.01B,19.94M BTC,5.61% (24h),82%,18%
2025-11-14 01:40:18,"$96,791.20",$1.93T,$108.01B,19.94M BTC,6.42% (24h),82%,18%
2025-11-14 01:58:39,"$97,313.54",$1.94T,$110.56B,19.94M BTC,6.08% (24h),82%,18%
2025-11-14 02:27:23,"$97,486.14",$1.94T,$111.69B,19.94M BTC,6.24% (24h),82%,18%
2025-11-14 02:42:17,"$96,910.85",$1.93T,$112.85B,19.94M BTC,6.55% (24h),82%,18%
2025-11-14 02:58:07,"$97,167.55",$1.93T,$113.09B,19.94M BTC,5.95% (24h),82%,18%
2025-11-14 03:35:09,"$96,975.91",$1.93T,$114.13B,19.94M BTC,6.44% (24h),82%,18%
2025-11-14 03:55:46,"$97,258.02",$1.94T,$115.47B,19.94M BTC,6.09% (24h),82%,18%
2025-11-14 04:26:37,"$97,268.87",$1.94T,$114.61B,19.94M BTC,5.62% (24h),82%,18%
2025-11-14 04:45:34,"$97,090.07",$1.93T,$114.13B,19.94M BTC,5.8% (24h),82%,18%
2025-11-14 04:58:33,"$96,845.42",$1.93T,$114.25B,19.94M BTC,5.75% (24h),82%,18%
2025-11-14 05:31:21,"$96,975.12",$1.93T,$115.19B,19.94M BTC,5.88% (24h),82%,18%
2025-11-14 05:49:03,"$97,114.90",$1.93T,$114.82B,19.94M BTC,5.64% (24h),82%,18%
2025-11-14 06:00:38,"$96,682.47",$1.92T,$114.79B,19.94M BTC,6.09% (24h),82%,18%
2025-11-14 06:25:45,"$96,693.79",$1.92T,$115.82B,19.94M BTC,6.05% (24h),82%,18%
2025-11-14 06:40:53,"$96,158.98",$1.91T,$115.82B,19.94M BTC,6.54% (24h),82%,18%
2025-11-14 06:53:24,"$95,917.75",$1.91T,$111.89B,19.94M BTC,6.86% (24h),82%,18%
2025-11-14 07:49:21,"$95,231.70",$1.89T,$120.66B,19.94M BTC,7.74% (24h),82%,18%
2025-11-14 08:24:03,"$94,823.99",$1.89T,$124.27B,19.94M BTC,7.82% (24h),82%,18%
2025-11-14 08:48:31,"$94,637.10",$1.88T,$125.69B,19.94M BTC,7.76% (24h),82%,18%
2025-11-14 08:59:05,"$95,097.03",$1.89T,$127B,19.94M BTC,7.04% (24h),82%,18%
2025-11-14 09:29:29,"$95,426.79",$1.9T,$129.29B,19.94M BTC,6.82% (24h),82%,18%
2025-11-14 09:45:51,"$96,457.10",$1.92T,$129.22B,19.94M BTC,5.28% (24h),82%,18%
2025-11-14 09:59:08,"$96,410.93",$1.92T,$129.85B,19.94M BTC,6.28% (24h),82%,18%
2025-11-14 10:29:55,"$96,528.74",$1.92T,$130.34B,19.94M BTC,5.47% (24h),82%,18%
2025-11-14 10:45:15,"$96,686.27",$1.92T,$129.8B,19.94M BTC,4.81% (24h),82%,18%
2025-11-14 10:58:19,"$96,770.41",$1.93T,$129.82B,19.94M BTC,4.42% (24h),82%,18%
2025-11-14 11:35:30,"$97,050.56",$1.93T,$128.72B,19.94M BTC,4.19% (24h),82%,18%
2025-11-14 11:55:57,"$97,092.22",$1.93T,$129.63B,19.94M BTC,3.71% (24h),82%,18%
2025-11-14 12:21:25,"$96,870.72",$1.93T,$127.07B,19.94M BTC,3.57% (24h),82%,18%
2025-11-14 12:40:41,"$96,509.19",$1.92T,$126.48B,19.94M BTC,3.65% (24h),82%,18%
2025-11-14 12:52:15,"$95,668.26",$1.9T,$125.5B,19.94M BTC,4.19% (24h),82%,18%
2025-11-14 13:33:47,"$96,072.36",$1.91T,$123.06B,19.94M BTC,2.89% (24h),82%,18%
2025-11-14 13:55:32,"$95,224.29",$1.89T,$119.72B,19.94M BTC,3.08% (24h),82%,18%
2025-11-14 14:20:10,"$95,513.61",$1.9T,$118.75B,19.94M BTC,3.03% (24h),82%,18%
2025-11-14 14:32:17,"$95,539.84",$1.9T,$119.39B,19.94M BTC,3.44% (24h),82%,18%
2025-11-14 14:42:54,"$95,376.84",$1.9T,$117.63B,19.94M BTC,3.25% (24h),82%,18%
2025-11-14 14:58:42,"$95,641.46",$1.9T,$118.22B,19.94M BTC,3% (24h),82%,18%
2025-11-14 15:30:51,"$94,840.18",$1.89T,$111.07B,19.94M BTC,3.66% (24h),82%,18%
2025-11-14 15:47:02,"$94,243.73",$1.88T,$114.46B,19.94M BTC,4.26% (24h),82%,18%
2025-11-14 15:58:29,"$94,180.84",$1.87T,$112.15B,19.94M BTC,4% (24h),82%,18%
2025-11-14 16:25:48,"$94,890.93",$1.89T,$116.77B,19.94M BTC,3.52% (24h),82%,18%
2025-11-14 16:41:39,"$94,731.82",$1.88T,$116.71B,19.94M BTC,3.86% (24h),82%,18%
2025-11-14 16:52:50,"$94,893.61",$1.89T,$115.81B,19.94M BTC,3.85% (24h),82%,18%
2025-11-14 17:23:17,"$94,974.68",$1.89T,$115.28B,19.94M BTC,4.21% (24h),82%,18%
2025-11-14 17:44:02,"$95,329.53",$1.9T,$115.16B,19.94M BTC,4.52% (24h),82%,18%
2025-11-14 17:58:09,"$95,048.74",$1.89T,$114.96B,19.94M BTC,4.66% (24h),82%,18%
2025-11-14 18:25:10,"$94,175.69",$1.87T,$115.89B,19.94M BTC,5.96% (24h),82%,18%
2025-11-14 18:41:27,"$94,584.88",$1.88T,$115.34B,19.94M BTC,5.78% (24h),82%,18%
2025-11-14 18:52:46,"$94,839.05",$1.89T,$114.51B,19.94M BTC,5.25% (24h),82%,18%
2025-11-14 20:45:44,"$95,296.28",$1.9T,$111.75B,19.94M BTC,3.89% (24h),82%,18%
2025-11-14 22:01:08,"$96,252.24",$1.92T,$111.41B,19.94M BTC,3.37% (24h),82%,18%
2025-11-14 22:45:12,"$96,243.53",$1.91T,$113.74B,19.94M BTC,2.65% (24h),82%,18%
2025-11-14 22:59:40,"$96,346.23",$1.92T,$111.91B,19.94M BTC,2.76% (24h),82%,18%
2025-11-14 23:32:16,"$96,013.11",$1.91T,$113.32B,19.94M BTC,2.77% (24h),82%,18%
2025-11-14 23:50:59,"$95,959.73",$1.91T,$109.17B,19.94M BTC,1.45% (24h),82%,18%
2025-11-15 00:02:09,"$96,072.29",$1.91T,$108.88B,19.94M BTC,1.77% (24h),82%,18%
2025-11-15 00:29:35,"$96,027.29",$1.91T,$106.97B,19.94M BTC,1.42% (24h),82%,18%
2025-11-15 00:45:30,"$96,070.48",$1.91T,$106.46B,19.94M BTC,1.27% (24h),82%,18%
2025-11-15 00:58:54,"$96,268.28",$1.92T,$104.18B,19.94M BTC,1.17% (24h),82%,18%
2025-11-15 01:38:08,"$96,515.34",$1.92T,$104.31B,19.94M BTC,0.43% (24h),82%,18%
2025-11-15 01:53:36,"$96,131.97",$1.91T,$103.03B,19.94M BTC,0.22% (24h),82%,18%
2025-11-15 02:20:42,"$96,028.55",$1.91T,$101.71B,19.94M BTC,1.33% (24h),82%,18%
2025-11-15 02:33:01,"$96,217.59",$1.91T,$99.78B,19.94M BTC,1.43% (24h),82%,18%
2025-11-15 02:48:14,"$96,158.11",$1.91T,$99.31B,19.94M BTC,1.39% (24h),82%,18%
2025-11-15 02:59:59,"$96,262.33",$1.92T,$99.13B,19.94M BTC,0.86% (24h),82%,18%
2025-11-15 03:34:17,"$95,973.74",$1.91T,$97.08B,19.94M BTC,0.94% (24h),82%,18%
2025-11-15 03:52:20,"$95,813.12",$1.91T,$96.41B,19.94M BTC,1.41% (24h),82%,18%
2025-11-15 04:11:48,"$95,954.96",$1.91T,$97.52B,19.94M BTC,1.38% (24h),82%,18%
2025-11-15 04:31:06,"$95,865.12",$1.91T,$96.95B,19.94M BTC,1.19% (24h),82%,18%
2025-11-15 04:43:38,"$95,987.65",$1.91T,$96.81B,19.94M BTC,1.12% (24h),82%,18%
2025-11-15 04:57:43,"$95,809.26",$1.91T,$96.97B,19.94M BTC,1.06% (24h),82%,18%
2025-11-15 05:25:53,"$95,786.64",$1.91T,$96.02B,19.94M BTC,1.21% (24h),82%,18%
2025-11-15 05:42:56,"$95,904.22",$1.91T,$96.25B,19.94M BTC,1.31% (24h),82%,18%
2025-11-15 05:58:25,"$95,912.51",$1.91T,$96.18B,19.94M BTC,0.83% (24h),82%,18%
2025-11-15 06:20:35,"$95,766.08",$1.91T,$94.94B,19.94M BTC,0.74% (24h),82%,18%
2025-11-15 06:31:43,"$95,755.24",$1.91T,$94.67B,19.94M BTC,0.73% (24h),82%,18%
2025-11-15 06:43:27,"$95,759.29",$1.91T,$94.56B,19.94M BTC,0.23% (24h),82%,18%
2025-11-15 06:58:34,"$95,629.15",$1.9T,$92.63B,19.94M BTC,0.42% (24h),82%,18%
2025-11-15 07:50:11,"$95,711.95",$1.9T,$86.51B,19.94M BTC,0.42% (24h),82%,18%
2025-11-15 08:17:20,"$95,893.81",$1.91T,$83.62B,19.94M BTC,0.86% (24h),82%,18%
2025-11-15 08:38:08,"$96,099.31",$1.91T,$82.59B,19.94M BTC,1.48% (24h),82%,18%
2025-11-15 08:49:54,"$95,983.59",$1.91T,$81.43B,19.94M BTC,1.39% (24h),82%,18%
2025-11-15 09:00:45,"$96,303.91",$1.92T,$81.21B,19.94M BTC,1.19% (24h),82%,18%
2025-11-15 09:26:40,"$96,086.87",$1.91T,$76.94B,19.94M BTC,0.54% (24h),82%,18%
2025-11-15 09:41:50,"$96,122.00",$1.91T,$75.27B,19.94M BTC,0.24% (24h),82%,18%
2025-11-15 09:53:37,"$96,238.21",$1.91T,$73.67B,19.94M BTC,0.26% (24h),82%,18%
2025-11-15 10:21:55,"$96,189.38",$1.91T,$73.18B,19.94M BTC,0.03% (24h),82%,18%
2025-11-15 10:36:29,"$96,115.94",$1.91T,$73.04B,19.94M BTC,0.4% (24h),82%,18%
2025-11-15 10:48:55,"$96,246.22",$1.91T,$71.62B,19.94M BTC,0.84% (24h),82%,18%
2025-11-15 11:00:25,"$96,199.10",$1.91T,$71.28B,19.94M BTC,0.53% (24h),82%,18%
2025-11-15 11:32:29,"$95,698.77",$1.9T,$69.99B,19.94M BTC,1.24% (24h),82%,18%
2025-11-15 11:50:18,"$96,056.18",$1.91T,$68.63B,19.94M BTC,0.96% (24h),82%,18%
2025-11-15 12:01:51,"$96,123.40",$1.91T,$67.9B,19.94M BTC,0.86% (24h),82%,18%
2025-11-15 12:25:10,"$96,234.23",$1.91T,$67.41B,19.94M BTC,0.67% (24h),82%,18%
2025-11-15 12:39:41,"$96,003.62",$1.91T,$67.78B,19.94M BTC,0.53% (24h),82%,18%
2025-11-15 12:50:34,"$96,172.33",$1.91T,$67.27B,19.94M BTC,0.29% (24h),82%,18%
2025-11-15 13:02:59,"$96,154.79",$1.91T,$66.49B,19.94M BTC,0.39% (24h),82%,18%
2025-11-15 13:38:32,"$96,109.97",$1.91T,$65.43B,19.94M BTC,0.41% (24h),82%,18%
2025-11-15 13:52:34,"$96,041.71",$1.91T,$65.25B,19.94M BTC,0.71% (24h),82%,18%
2025-11-15 14:17:00,"$96,052.16",$1.91T,$63.25B,19.94M BTC,0.64% (24h),82%,18%
2025-11-15 14:39:12,"$95,926.19",$1.91T,$62.62B,19.94M BTC,0.54% (24h),82%,18%
2025-11-15 14:41:19,"$95,901.22",$1.91T,$62.62B,19.94M BTC,0.51% (24h),82%,18%
2025-11-15 14:53:02,"$95,935.21",$1.91T,$62.23B,19.94M BTC,0.2% (24h),82%,18%
2025-11-15 15:23:29,"$95,640.44",$1.9T,$60.87B,19.94M BTC,0.6% (24h),82%,18%
2025-11-15 15:41:52,"$95,546.24",$1.9T,$60.15B,19.94M BTC,1.24% (24h),82%,18%
2025-11-15 15:53:07,"$95,148.09",$1.89T,$59.23B,19.94M BTC,0.9% (24h),82%,18%
2025-11-15 16:19:49,"$95,582.33",$1.9T,$58.21B,19.94M BTC,0.74% (24h),82%,18%
2025-11-15 16:32:05,"$95,339.23",$1.9T,$58.29B,19.94M BTC,0.63% (24h),82%,18%
2025-11-15 16:42:59,"$95,159.00",$1.89T,$57.85B,19.94M BTC,0.45% (24h),82%,18%
2025-11-15 16:58:20,"$95,161.27",$1.89T,$57.81B,19.94M BTC,0.16% (24h),82%,18%
2025-11-15 17:21:33,"$95,409.85",$1.9T,$56.95B,19.94M BTC,0.6% (24h),82%,18%
2025-11-15 17:36:33,"$95,402.48",$1.9T,$56.72B,19.94M BTC,0.18% (24h),82%,18%
2025-11-15 17:48:48,"$95,405.21",$1.9T,$56.59B,19.94M BTC,0.04% (24h),82%,18%
2025-11-15 18:00:17,"$95,572.11",$1.9T,$56.67B,19.94M BTC,0.53% (24h),82%,18%
2025-11-15 18:25:52,"$95,573.40",$1.9T,$55.2B,19.94M BTC,1.48% (24h),82%,18%
2025-11-15 18:40:50,"$95,587.55",$1.9T,$54.76B,19.94M BTC,1.09% (24h),82%,18%
2025-11-15 18:52:31,"$95,518.59",$1.9T,$38.87B,19.94M BTC,0.68% (24h),82%,18%
2025-11-15 20:54:39,"$95,203.14",$1.89T,$36.06B,19.94M BTC,0.26% (24h),82%,18%
2025-11-15 22:22:16,"$95,853.79",$1.91T,$51.08B,19.94M BTC,0.66% (24h),82%,18%
2025-11-15 23:02:21,"$95,781.47",$1.91T,$49.61B,19.94M BTC,0.54% (24h),82%,18%
2025-11-15 23:37:29,"$95,640.41",$1.9T,$49.65B,19.94M BTC,0.46% (24h),82%,18%
2025-11-15 23:53:01,"$95,721.45",$1.9T,$49.33B,19.94M BTC,0.25% (24h),82%,18%
2025-11-16 00:22:07,"$95,965.68",$1.91T,$49.62B,19.94M BTC,0.12% (24h),82%,18%
2025-11-16 00:43:28,"$95,867.06",$1.91T,$49.43B,19.94M BTC,0.12% (24h),82%,18%
2025-11-16 00:58:16,"$95,857.00",$1.91T,$49.23B,19.94M BTC,0.45% (24h),82%,18%
2025-11-16 01:37:50,"$95,916.83",$1.91T,$49.09B,19.94M BTC,0.51% (24h),82%,18%
2025-11-16 01:54:43,"$95,887.28",$1.91T,$49.19B,19.94M BTC,0.31% (24h),82%,18%
2025-11-16 02:21:55,"$95,910.82",$1.91T,$48.45B,19.94M BTC,0.11% (24h),82%,18%
2025-11-16 02:40:06,"$95,854.72",$1.91T,$48.26B,19.94M BTC,0.29% (24h),82%,18%
2025-11-16 02:51:13,"$95,959.74",$1.91T,$48.22B,19.94M BTC,0.24% (24h),82%,18%
2025-11-16 03:13:36,"$95,951.71",$1.91T,$48.29B,19.94M BTC,0.2% (24h),82%,18%
2025-11-16 03:41:58,"$95,894.96",$1.91T,$47.69B,19.94M BTC,0.27% (24h),82%,18%
2025-11-16 03:54:43,"$95,914.76",$1.91T,$47.79B,19.94M BTC,0.28% (24h),82%,18%
2025-11-16 04:22:24,"$95,890.52",$1.91T,$46.84B,19.94M BTC,0.03% (24h),82%,18%
